Epoch,Loss,Accuracy
0,0.6933,53.0263
1,0.6926,54.3421
2,0.6925,53.4211
3,0.6929,54.6053
4,0.6928,53.5526
5,0.6929,54.6053
6,0.693,54.0789
7,0.6929,54.2105
8,0.6923,53.5526
9,0.6924,54.2105
10,0.6926,54.8684
11,0.6922,54.6053
12,0.6922,52.5
13,0.6921,55.2632
14,0.6919,56.5789
15,0.6923,54.7368
16,0.6921,55.1316
17,0.6921,56.0526
18,0.6916,55.2632
19,0.6918,54.2105
20,0.6916,55.2632
21,0.6919,54.7368
22,0.6915,56.1842
23,0.6919,57.2368
24,0.6916,57.5
25,0.6913,57.8947
26,0.6913,56.5789
27,0.6909,56.9737
28,0.6908,56.4474
29,0.6915,57.7632
30,0.6908,60.0
31,0.6911,58.2895
32,0.6911,58.1579
33,0.6907,55.0
34,0.6912,59.0789
35,0.6908,57.5
36,0.6913,55.9211
37,0.6904,59.7368
38,0.6902,57.1053
39,0.6901,58.8158
40,0.6898,60.1316
41,0.6895,58.8158
42,0.6896,57.1053
43,0.689,60.5263
44,0.6895,61.7105
45,0.6896,61.4474
46,0.6895,61.8421
47,0.6892,59.8684
48,0.689,61.7105
49,0.6891,60.9211
50,0.689,57.6316
51,0.6889,56.8421
52,0.6893,60.9211
53,0.6887,60.9211
54,0.6884,60.2632
55,0.6885,61.8421
56,0.6876,62.6316
57,0.688,61.5789
58,0.6881,60.6579
59,0.6878,59.7368
60,0.6872,61.0526
61,0.6867,62.8947
62,0.6877,62.8947
63,0.687,62.3684
64,0.6869,59.4737
65,0.687,60.6579
66,0.6861,64.0789
67,0.6867,62.8947
68,0.6873,60.1316
69,0.6864,61.8421
70,0.686,63.0263
71,0.6864,63.0263
72,0.6862,65.0
73,0.6859,62.5
74,0.6852,64.4737
75,0.6852,62.2368
76,0.6849,64.8684
77,0.6854,64.3421
78,0.6854,63.4211
79,0.6848,63.4211
80,0.6845,62.7632
81,0.6848,65.2632
82,0.6836,63.8158
83,0.6844,65.3947
84,0.6837,64.4737
85,0.6835,63.0263
86,0.6839,65.3947
87,0.6838,66.4474
88,0.6837,65.9211
89,0.6832,67.1053
90,0.6816,61.4474
91,0.6828,63.8158
92,0.6825,66.7105
93,0.6822,64.3421
94,0.6821,67.8947
95,0.6814,69.8684
96,0.6816,68.9474
97,0.6814,66.0526
98,0.6818,66.8421
99,0.6812,63.6842
100,0.6802,67.2368
101,0.6802,66.5789
102,0.6805,67.8947
103,0.6807,65.9211
104,0.6798,65.6579
105,0.6802,65.1316
106,0.6808,66.1842
107,0.6799,68.1579
108,0.6804,66.8421
109,0.6795,69.4737
110,0.6797,67.3684
111,0.6793,66.8421
112,0.6792,68.2895
113,0.6787,67.5
114,0.679,65.7895
115,0.6784,65.7895
116,0.679,67.1053
117,0.678,66.8421
118,0.6787,67.5
119,0.678,68.4211
120,0.6779,67.5
121,0.6774,68.4211
122,0.678,66.0526
123,0.6776,68.0263
124,0.6769,69.0789
125,0.6768,69.8684
126,0.6776,67.7632
127,0.6761,68.6842
128,0.6763,67.3684
129,0.6753,67.6316
130,0.6757,71.4474
131,0.676,70.1316
132,0.6763,68.8158
133,0.6747,69.6053
134,0.6758,67.2368
135,0.6755,67.2368
136,0.6753,69.0789
137,0.6742,68.4211
138,0.6748,68.0263
139,0.6743,69.6053
140,0.6743,67.6316
141,0.6736,65.5263
142,0.6732,67.6316
143,0.6741,68.6842
144,0.6729,70.3947
145,0.6734,68.8158
146,0.6728,70.7895
147,0.6724,70.5263
148,0.6717,67.2368
149,0.6729,69.7368
150,0.6724,70.5263
151,0.6732,70.6579
152,0.6711,71.1842
153,0.6719,68.8158
154,0.6718,70.1316
155,0.6714,69.8684
156,0.6714,70.0
157,0.6721,67.8947
158,0.6703,69.8684
159,0.6701,70.2632
160,0.6699,70.2632
161,0.6701,70.2632
162,0.6705,69.0789
163,0.6698,70.1316
164,0.6703,68.4211
165,0.6704,68.6842
166,0.6704,68.9474
167,0.6689,68.5526
168,0.6696,69.7368
169,0.6704,68.6842
170,0.6692,69.0789
171,0.6693,68.1579
172,0.6683,70.5263
173,0.6683,68.0263
174,0.6685,73.0263
175,0.6677,69.6053
176,0.6679,71.5789
177,0.6683,69.8684
178,0.6673,67.3684
179,0.6677,69.4737
180,0.6676,70.9211
181,0.6667,69.3421
182,0.6678,69.0789
183,0.6666,69.2105
184,0.667,68.1579
185,0.6662,68.2895
186,0.6678,71.1842
187,0.6671,68.2895
188,0.6657,68.8158
189,0.6676,69.4737
190,0.6667,72.2368
191,0.6645,70.1316
192,0.6654,68.8158
193,0.6651,67.7632
194,0.6647,70.7895
195,0.6646,71.7105
196,0.6646,71.7105
197,0.6652,68.8158
198,0.6652,70.7895
199,0.6644,69.6053
200,0.6649,67.3684
201,0.6647,70.6579
202,0.6631,69.2105
203,0.6632,71.7105
204,0.6632,72.8947
205,0.6629,68.6842
206,0.6637,71.9737
207,0.6628,71.1842
208,0.6625,71.1842
209,0.664,68.8158
210,0.6624,70.5263
211,0.6628,70.9211
212,0.6639,71.4474
213,0.6627,71.3158
214,0.6629,72.7632
215,0.6632,71.4474
216,0.6635,70.6579
217,0.663,70.5263
218,0.6614,69.8684
219,0.6617,71.9737
220,0.6617,72.3684
221,0.6616,72.5
222,0.6609,70.5263
223,0.6599,70.3947
224,0.6604,69.8684
225,0.6597,71.7105
226,0.6599,69.0789
227,0.6603,71.8421
228,0.6599,70.9211
229,0.6601,72.1053
230,0.6602,71.5789
231,0.6598,73.0263
232,0.6604,71.9737
233,0.6599,69.4737
234,0.6596,70.7895
235,0.6589,70.3947
236,0.6599,73.1579
237,0.6587,70.7895
238,0.659,70.0
239,0.6588,71.4474
240,0.6586,70.9211
241,0.6576,71.5789
242,0.6584,72.7632
243,0.6595,69.7368
244,0.6577,73.2895
245,0.6595,70.6579
246,0.6576,70.2632
247,0.6582,71.4474
248,0.6576,70.6579
249,0.6578,71.8421
250,0.6572,71.3158
251,0.6566,71.0526
252,0.6565,71.4474
253,0.6572,71.7105
254,0.6561,70.7895
255,0.6565,71.7105
256,0.6571,72.3684
257,0.6566,71.4474
258,0.6558,72.5
259,0.6569,72.6316
260,0.6534,71.4474
261,0.6558,69.6053
262,0.6557,71.7105
263,0.6559,70.2632
264,0.6549,70.7895
265,0.6565,71.3158
266,0.6544,71.8421
267,0.654,72.5
268,0.6555,71.3158
269,0.6542,71.4474
270,0.6541,72.5
271,0.654,73.8158
272,0.6544,71.9737
273,0.653,71.4474
274,0.6549,71.0526
275,0.6539,71.4474
276,0.6532,69.7368
277,0.6535,71.4474
278,0.6538,68.6842
279,0.6528,70.6579
280,0.6539,71.9737
281,0.6537,71.5789
282,0.6534,72.2368
283,0.6523,72.8947
284,0.6533,71.3158
285,0.6528,72.7632
286,0.6525,71.0526
287,0.6517,72.1053
288,0.6517,70.6579
289,0.6508,71.7105
290,0.6512,72.2368
291,0.6508,70.6579
292,0.6527,74.0789
293,0.6512,71.7105
294,0.6509,70.9211
295,0.6519,73.0263
296,0.6514,71.1842
297,0.6509,70.3947
298,0.6503,71.7105
299,0.6518,72.3684
300,0.6514,72.5
301,0.6511,73.9474
302,0.6491,72.7632
303,0.6478,73.1579
304,0.6497,73.4211
305,0.6499,71.3158
306,0.6496,71.5789
307,0.6488,73.4211
308,0.6476,71.9737
309,0.6497,72.3684
310,0.6503,72.6316
311,0.6499,72.8947
312,0.65,74.0789
313,0.6485,73.0263
314,0.6485,72.3684
315,0.6484,74.0789
316,0.6482,71.1842
317,0.6476,72.8947
318,0.6489,74.0789
319,0.6481,73.9474
320,0.6474,71.8421
321,0.6479,72.8947
322,0.6479,73.1579
323,0.6483,71.9737
324,0.6476,70.7895
325,0.6483,71.8421
326,0.6464,72.8947
327,0.6478,73.0263
328,0.6486,71.8421
329,0.6468,70.7895
330,0.647,73.1579
331,0.6469,71.5789
332,0.6465,73.1579
333,0.6468,72.8947
334,0.6468,73.4211
335,0.6459,73.8158
336,0.6459,72.8947
337,0.646,73.8158
338,0.6453,71.9737
339,0.6468,72.5
340,0.645,74.3421
341,0.6462,74.6053
342,0.6453,72.3684
343,0.6449,72.7632
344,0.6453,72.6316
345,0.642,73.0263
346,0.6451,71.7105
347,0.646,71.9737
348,0.6433,73.2895
349,0.6436,71.3158
350,0.6443,72.3684
351,0.6452,73.0263
352,0.6439,72.7632
353,0.6446,71.8421
354,0.6447,73.4211
355,0.6431,72.6316
356,0.644,74.7368
357,0.6447,72.6316
358,0.6426,71.4474
359,0.6416,72.5
360,0.6433,72.2368
361,0.6422,72.6316
362,0.6438,71.9737
363,0.6424,72.3684
364,0.6422,73.1579
365,0.6421,73.5526
366,0.6421,72.2368
367,0.6421,72.3684
368,0.6429,73.6842
369,0.6429,73.1579
370,0.6419,74.2105
371,0.6425,73.8158
372,0.6431,71.8421
373,0.6412,74.2105
374,0.6414,72.8947
375,0.6429,74.7368
376,0.6419,73.0263
377,0.6399,75.1316
378,0.6408,73.5526
379,0.6427,75.2632
380,0.6413,72.1053
381,0.6393,73.8158
382,0.6407,72.2368
383,0.6396,71.5789
384,0.6403,73.6842
385,0.6417,72.6316
386,0.6411,73.8158
387,0.6408,72.8947
388,0.6389,71.8421
389,0.6393,74.8684
390,0.6411,73.0263
391,0.6395,73.2895
392,0.6415,73.0263
393,0.64,73.4211
394,0.6403,72.6316
395,0.6386,74.3421
396,0.6388,73.0263
397,0.6394,72.8947
398,0.6392,73.9474
399,0.64,73.8158
400,0.637,73.0263
401,0.6384,74.2105
402,0.637,72.8947
403,0.638,72.3684
404,0.6392,72.8947
405,0.6377,73.5526
406,0.6386,72.5
407,0.6369,72.3684
408,0.6387,73.0263
409,0.6383,73.0263
410,0.6392,74.6053
411,0.6372,75.3947
412,0.6364,75.0
413,0.6386,75.7895
414,0.6373,75.2632
415,0.6361,74.4737
416,0.6365,73.8158
417,0.6368,73.6842
418,0.6371,74.2105
419,0.6375,75.5263
420,0.6376,73.6842
421,0.6365,73.6842
422,0.6357,74.8684
423,0.6344,73.6842
424,0.6369,73.6842
425,0.637,73.6842
426,0.6351,74.2105
427,0.6362,73.5526
428,0.635,72.8947
429,0.6364,73.8158
430,0.637,74.3421
431,0.6366,74.8684
432,0.6348,74.0789
433,0.6357,73.4211
434,0.6354,74.4737
435,0.6361,75.2632
436,0.6348,75.0
437,0.6362,75.0
438,0.6352,73.1579
439,0.6355,73.8158
440,0.6353,75.2632
441,0.6356,74.6053
442,0.6334,72.7632
443,0.636,75.0
444,0.6343,73.9474
445,0.6348,72.5
446,0.6343,73.0263
447,0.6345,75.1316
448,0.6342,74.6053
449,0.6323,74.2105
450,0.635,74.0789
451,0.6327,73.5526
452,0.6347,75.0
453,0.6346,72.8947
454,0.6329,73.2895
455,0.6331,73.9474
456,0.6343,73.8158
457,0.6328,75.0
458,0.6345,75.0
459,0.6329,73.4211
460,0.6317,75.7895
461,0.632,73.2895
462,0.634,73.5526
463,0.6336,74.6053
464,0.635,74.6053
465,0.6319,75.1316
466,0.6323,74.3421
467,0.6342,72.7632
468,0.6319,73.9474
469,0.6299,73.1579
470,0.6326,75.6579
471,0.6331,74.4737
472,0.6308,76.0526
473,0.6325,73.9474
474,0.632,74.4737
475,0.6318,74.6053
476,0.6308,73.0263
477,0.6334,74.8684
478,0.6305,73.4211
479,0.6309,74.8684
480,0.6314,75.5263
481,0.632,74.7368
482,0.6304,73.4211
483,0.6314,75.1316
484,0.6304,73.0263
485,0.6316,73.0263
486,0.6338,74.0789
487,0.6313,74.0789
488,0.6312,74.4737
489,0.6311,74.7368
490,0.6302,73.5526
491,0.6299,73.5526
492,0.6295,76.1842
493,0.6285,74.0789
494,0.6325,73.6842
495,0.6301,75.7895
496,0.6303,74.0789
497,0.6304,74.0789
498,0.631,74.2105
499,0.6301,73.8158
500,0.629,74.7368
501,0.6279,75.0
502,0.63,74.2105
503,0.6274,75.0
504,0.6296,74.6053
505,0.6291,74.2105
506,0.6302,73.9474
507,0.6293,74.3421
508,0.6285,74.4737
509,0.6294,75.5263
510,0.6272,75.5263
511,0.63,76.0526
512,0.6298,75.1316
513,0.6272,73.1579
514,0.6303,75.5263
515,0.6281,74.6053
516,0.6272,75.6579
517,0.6288,74.2105
518,0.6275,74.8684
519,0.6267,73.8158
520,0.6282,75.5263
521,0.6273,73.8158
522,0.6275,74.7368
523,0.6275,73.0263
524,0.6282,74.0789
525,0.6272,75.5263
526,0.6261,75.1316
527,0.6266,75.1316
528,0.6276,74.7368
529,0.6266,74.7368
530,0.6272,74.3421
531,0.6266,73.0263
532,0.6278,74.6053
533,0.6271,74.4737
534,0.6277,75.2632
535,0.627,74.7368
536,0.6256,73.1579
537,0.6275,75.5263
538,0.6258,74.3421
539,0.6268,73.8158
540,0.626,74.7368
541,0.628,75.0
542,0.6261,73.6842
543,0.6264,74.6053
544,0.6263,74.2105
545,0.6262,74.3421
546,0.6248,74.7368
547,0.6267,73.8158
548,0.6249,74.7368
549,0.626,74.8684
550,0.6248,73.2895
551,0.6244,74.3421
552,0.6248,74.2105
553,0.6245,74.8684
554,0.6246,75.5263
555,0.6253,74.7368
556,0.6246,74.6053
557,0.6246,74.8684
558,0.6266,73.2895
559,0.6264,74.2105
560,0.6252,74.7368
561,0.6236,73.2895
562,0.6259,74.6053
563,0.6262,76.7105
564,0.625,74.0789
565,0.6231,75.0
566,0.6234,74.3421
567,0.6255,76.8421
568,0.6264,75.1316
569,0.626,75.6579
570,0.6247,74.7368
571,0.6221,75.3947
572,0.6229,76.3158
573,0.6236,74.7368
574,0.6256,74.2105
575,0.624,75.1316
576,0.6237,76.4474
577,0.624,75.3947
578,0.6235,75.6579
579,0.6226,74.2105
580,0.623,75.7895
581,0.6243,74.3421
582,0.6231,75.5263
583,0.6233,73.4211
584,0.6219,76.0526
585,0.6232,74.3421
586,0.6218,75.2632
587,0.624,75.0
588,0.6239,75.6579
589,0.6238,76.8421
590,0.6228,74.8684
591,0.6233,73.6842
592,0.623,74.4737
593,0.6211,74.2105
594,0.6221,76.1842
595,0.6235,74.3421
596,0.6237,74.0789
597,0.6214,74.7368
598,0.6216,75.3947
599,0.6226,75.5263
600,0.6221,74.7368
601,0.6226,74.2105
602,0.6222,75.0
603,0.621,73.8158
604,0.6213,74.4737
605,0.6221,75.6579
606,0.6223,74.8684
607,0.6241,76.4474
608,0.6206,76.4474
609,0.622,75.0
610,0.6214,75.5263
611,0.6221,75.3947
612,0.6226,75.5263
613,0.6208,75.1316
614,0.6223,73.9474
615,0.6218,75.2632
616,0.6218,75.7895
617,0.6213,74.8684
618,0.6213,75.6579
619,0.6218,76.5789
620,0.6205,75.0
621,0.6187,76.8421
622,0.621,75.6579
623,0.6204,75.3947
624,0.6211,74.3421
625,0.6204,76.5789
626,0.6217,76.5789
627,0.6216,75.0
628,0.6197,75.0
629,0.6206,75.6579
630,0.6196,74.8684
631,0.6197,74.8684
632,0.62,73.5526
633,0.6179,73.9474
634,0.6189,75.2632
635,0.6203,74.8684
636,0.6195,75.9211
637,0.6212,75.6579
638,0.6182,75.2632
639,0.6197,75.1316
640,0.6197,76.1842
641,0.6212,74.4737
642,0.6196,75.9211
643,0.6195,75.0
644,0.6201,76.0526
645,0.6201,75.1316
646,0.6179,75.7895
647,0.6173,76.1842
648,0.6205,75.0
649,0.617,75.6579
650,0.6181,75.2632
651,0.619,76.3158
652,0.6187,76.3158
653,0.6201,75.6579
654,0.6188,75.7895
655,0.6185,73.8158
656,0.6206,76.0526
657,0.6204,75.7895
658,0.6204,75.5263
659,0.6183,74.7368
660,0.6183,74.7368
661,0.6188,74.4737
662,0.6175,73.2895
663,0.6189,74.7368
664,0.6165,74.4737
665,0.6161,75.3947
666,0.6207,75.9211
667,0.6191,74.7368
668,0.6206,75.6579
669,0.6181,75.9211
670,0.6191,74.6053
671,0.6178,76.3158
672,0.6197,76.0526
673,0.619,75.7895
674,0.6176,75.5263
675,0.6171,77.1053
676,0.6155,75.1316
677,0.6178,74.2105
678,0.6186,76.0526
679,0.6166,74.4737
680,0.6161,75.3947
681,0.6184,73.5526
682,0.6182,74.7368
683,0.6154,75.1316
684,0.6178,75.5263
685,0.6161,75.3947
686,0.6178,74.7368
687,0.6171,74.3421
688,0.6169,76.1842
689,0.6168,76.3158
690,0.6174,76.0526
691,0.617,74.8684
692,0.6154,75.0
693,0.6177,74.8684
694,0.6161,75.2632
695,0.6168,74.2105
696,0.6165,75.0
697,0.6168,75.5263
698,0.6168,76.4474
699,0.6182,75.1316
700,0.6158,74.7368
701,0.6168,74.7368
702,0.6143,75.6579
703,0.6168,75.3947
704,0.6158,75.1316
705,0.6139,76.8421
706,0.6143,75.5263
707,0.6168,74.8684
708,0.6162,74.2105
709,0.6152,75.2632
710,0.6173,75.6579
711,0.6149,74.0789
712,0.6152,75.6579
713,0.6138,76.4474
714,0.6153,75.9211
715,0.6153,76.1842
716,0.6162,75.9211
717,0.6174,75.7895
718,0.6161,76.5789
719,0.6157,74.7368
720,0.6155,76.1842
721,0.6156,77.2368
722,0.6161,76.0526
723,0.6131,75.6579
724,0.6158,75.2632
725,0.6144,75.9211
726,0.6153,75.6579
727,0.6131,74.7368
728,0.6167,75.6579
729,0.6176,75.2632
730,0.616,75.1316
731,0.6142,75.0
732,0.6133,75.5263
733,0.614,75.6579
734,0.6148,75.2632
735,0.6142,76.5789
736,0.6168,75.2632
737,0.6135,76.4474
738,0.6138,75.9211
739,0.6141,75.2632
740,0.6154,73.9474
741,0.6159,76.8421
742,0.6154,74.4737
743,0.6146,76.3158
744,0.6142,74.7368
745,0.6123,75.2632
746,0.6142,75.3947
747,0.6151,75.3947
748,0.6155,75.5263
749,0.6146,76.0526
750,0.6148,76.3158
751,0.6126,75.7895
752,0.6123,76.3158
753,0.6141,76.5789
754,0.6165,76.8421
755,0.6136,74.8684
756,0.6154,75.1316
757,0.6157,74.7368
758,0.6147,74.2105
759,0.6112,77.5
760,0.6109,78.1579
761,0.6123,76.0526
762,0.6145,76.4474
763,0.6147,74.8684
764,0.6118,75.5263
765,0.6126,75.7895
766,0.6133,76.4474
767,0.6132,75.6579
768,0.6147,75.5263
769,0.6134,76.5789
770,0.6148,75.9211
771,0.6114,76.4474
772,0.613,76.5789
773,0.6104,76.7105
774,0.6136,75.6579
775,0.6134,75.7895
776,0.6159,74.7368
777,0.6131,76.8421
778,0.6138,75.2632
779,0.6113,77.1053
780,0.6121,76.4474
781,0.6151,76.1842
782,0.6132,76.5789
783,0.6134,75.7895
784,0.6153,74.7368
785,0.614,74.7368
786,0.6118,76.0526
787,0.6141,75.2632
788,0.6124,76.1842
789,0.6117,74.7368
790,0.6115,74.6053
791,0.6148,73.8158
792,0.6129,76.3158
793,0.613,76.5789
794,0.6125,75.7895
795,0.6143,75.5263
796,0.6161,76.0526
797,0.6101,76.4474
798,0.6123,75.6579
799,0.6132,75.5263
800,0.6123,76.7105
801,0.6134,74.6053
802,0.6117,75.2632
803,0.6117,76.3158
804,0.6105,75.9211
805,0.6125,73.9474
806,0.6107,75.6579
807,0.6137,76.3158
808,0.612,76.9737
809,0.6122,75.0
810,0.6107,76.3158
811,0.6134,76.7105
812,0.611,76.5789
813,0.6133,75.2632
814,0.6108,76.3158
815,0.6113,74.6053
816,0.6144,75.7895
817,0.6118,75.6579
818,0.6103,75.5263
819,0.6108,76.5789
820,0.6104,75.3947
821,0.6104,74.7368
822,0.613,76.0526
823,0.6105,75.5263
824,0.6107,76.1842
825,0.6133,75.9211
826,0.611,76.5789
827,0.6114,74.8684
828,0.6119,75.6579
829,0.6122,76.3158
830,0.612,78.0263
831,0.6098,75.5263
832,0.6129,75.0
833,0.6117,74.6053
834,0.6132,76.4474
835,0.6097,77.1053
836,0.6101,76.3158
837,0.6113,75.7895
838,0.6102,75.2632
839,0.6086,76.4474
840,0.6102,77.1053
841,0.6105,74.6053
842,0.6114,76.4474
843,0.6122,74.7368
844,0.6123,76.7105
845,0.6109,75.5263
846,0.6086,78.6842
847,0.6089,76.0526
848,0.6105,76.1842
849,0.6102,77.6316
850,0.6092,77.3684
851,0.6094,75.2632
852,0.6092,75.6579
853,0.6119,76.3158
854,0.6107,76.3158
855,0.6147,75.1316
856,0.6084,75.5263
857,0.61,74.4737
858,0.6107,74.3421
859,0.6094,76.0526
860,0.6117,75.7895
861,0.6094,75.7895
862,0.6121,75.1316
863,0.6116,76.3158
864,0.6088,74.6053
865,0.6108,76.0526
866,0.6092,76.1842
867,0.6104,74.6053
868,0.6105,75.5263
869,0.6086,75.2632
870,0.6104,76.1842
871,0.6122,76.3158
872,0.6111,75.2632
873,0.6096,75.1316
874,0.6108,75.5263
875,0.6092,75.0
876,0.6085,76.8421
877,0.6083,75.5263
878,0.6127,74.8684
879,0.6097,75.3947
880,0.6101,77.7632
881,0.6103,76.7105
882,0.6086,76.5789
883,0.6073,75.5263
884,0.6102,75.3947
885,0.6098,76.1842
886,0.6099,76.3158
887,0.6112,75.9211
888,0.6096,75.0
889,0.6099,76.9737
890,0.6087,75.6579
891,0.6101,75.3947
892,0.6109,76.3158
893,0.6086,75.9211
894,0.6095,76.0526
895,0.6105,75.7895
896,0.6092,75.3947
897,0.61,75.3947
898,0.6112,76.0526
899,0.6115,75.6579
900,0.6076,77.1053
901,0.6102,74.7368
902,0.6085,75.0
903,0.6093,76.0526
904,0.6087,76.1842
905,0.6098,76.4474
906,0.6086,76.1842
907,0.6097,74.6053
908,0.6068,76.5789
909,0.6095,75.2632
910,0.6096,76.9737
911,0.6087,75.3947
912,0.609,74.7368
913,0.6091,75.9211
914,0.6085,76.8421
915,0.6086,76.7105
916,0.608,76.4474
917,0.6107,75.5263
918,0.608,76.3158
919,0.6054,74.2105
920,0.608,76.3158
921,0.6093,75.5263
922,0.6084,76.0526
923,0.6081,75.1316
924,0.6089,76.5789
925,0.6104,75.2632
926,0.6074,77.3684
927,0.609,75.3947
928,0.6086,75.1316
929,0.6084,73.9474
930,0.6077,75.5263
931,0.6103,76.0526
932,0.609,76.3158
933,0.6101,76.4474
934,0.6113,74.8684
935,0.6073,75.7895
936,0.6092,76.8421
937,0.608,77.3684
938,0.6079,76.5789
939,0.6098,75.2632
940,0.6096,75.1316
941,0.6069,75.9211
942,0.607,73.9474
943,0.6077,75.2632
944,0.6086,77.5
945,0.6079,75.1316
946,0.6061,74.7368
947,0.607,75.5263
948,0.6084,76.3158
949,0.6095,78.0263
950,0.6087,76.9737
951,0.6061,75.9211
952,0.6078,75.5263
953,0.609,76.8421
954,0.6066,74.6053
955,0.607,74.2105
956,0.6085,75.1316
957,0.6077,75.7895
958,0.6086,74.8684
959,0.6075,75.7895
960,0.6082,74.4737
961,0.6086,75.6579
962,0.6085,73.5526
963,0.6084,76.8421
964,0.6087,76.0526
965,0.6061,76.9737
966,0.6084,76.1842
967,0.6079,76.7105
968,0.6064,76.7105
969,0.6039,74.7368
970,0.6067,73.8158
971,0.6085,75.9211
972,0.6062,75.3947
973,0.6088,75.6579
974,0.6075,75.7895
975,0.6053,76.3158
976,0.6069,75.5263
977,0.606,75.9211
978,0.6063,76.7105
979,0.6065,75.6579
980,0.6065,75.6579
981,0.6094,74.7368
982,0.6073,75.7895
983,0.6082,75.6579
984,0.6077,75.2632
985,0.6059,75.3947
986,0.6088,73.8158
987,0.6079,75.7895
988,0.6072,76.3158
989,0.6084,75.9211
990,0.6059,75.7895
991,0.6069,75.3947
992,0.6065,77.1053
993,0.6091,75.7895
994,0.6093,76.3158
995,0.6047,74.4737
996,0.607,76.1842
997,0.606,75.5263
998,0.606,77.2368
999,0.6065,76.4474
1000,0.6074,75.3947
1001,0.6057,76.1842
1002,0.6055,75.9211
1003,0.6053,76.1842
1004,0.6055,76.0526
1005,0.6064,76.9737
1006,0.6049,75.6579
1007,0.6058,75.0
1008,0.6068,77.1053
1009,0.607,76.9737
1010,0.6057,75.7895
1011,0.6049,75.7895
1012,0.6073,76.1842
1013,0.607,75.6579
1014,0.6061,76.5789
1015,0.6072,76.8421
1016,0.6094,76.5789
1017,0.6066,76.9737
1018,0.6037,76.1842
1019,0.6062,76.4474
1020,0.6058,75.2632
1021,0.606,75.2632
1022,0.6063,75.3947
1023,0.607,77.1053
1024,0.6063,76.5789
1025,0.6043,76.7105
1026,0.6036,76.5789
1027,0.6078,76.3158
1028,0.6049,77.3684
1029,0.6057,75.9211
1030,0.6058,75.3947
1031,0.6034,76.5789
1032,0.6061,75.7895
1033,0.6078,76.5789
1034,0.6046,75.0
1035,0.6063,77.6316
1036,0.6047,76.5789
1037,0.6053,76.4474
1038,0.6063,76.4474
1039,0.6062,75.2632
1040,0.6067,75.7895
1041,0.6048,76.3158
1042,0.606,77.1053
1043,0.6051,75.7895
1044,0.6063,75.1316
1045,0.6051,75.2632
1046,0.6058,75.0
1047,0.6049,75.9211
1048,0.6057,74.6053
1049,0.6075,76.1842
1050,0.6065,75.6579
1051,0.6066,77.3684
1052,0.6072,75.6579
1053,0.6068,74.4737
1054,0.6044,75.6579
1055,0.6036,76.5789
1056,0.6069,75.2632
1057,0.6061,76.3158
1058,0.606,76.9737
1059,0.6071,77.3684
1060,0.6057,76.5789
1061,0.6059,76.4474
1062,0.6054,75.0
1063,0.606,76.4474
1064,0.6087,77.2368
1065,0.6058,75.9211
1066,0.6062,75.7895
1067,0.6064,77.1053
1068,0.6059,75.2632
1069,0.6068,75.0
1070,0.6044,75.3947
1071,0.6077,75.5263
1072,0.6022,75.3947
1073,0.605,76.3158
1074,0.6083,77.6316
1075,0.607,76.4474
1076,0.6051,76.7105
1077,0.6035,76.1842
1078,0.6048,76.9737
1079,0.6052,75.1316
1080,0.6055,76.1842
1081,0.603,77.3684
1082,0.6055,75.1316
1083,0.6053,75.5263
1084,0.604,75.6579
1085,0.6048,77.3684
1086,0.605,75.5263
1087,0.606,75.3947
1088,0.6057,75.6579
1089,0.6074,76.0526
1090,0.6052,75.9211
1091,0.6055,75.0
1092,0.6063,75.2632
1093,0.6055,74.7368
1094,0.6069,76.0526
1095,0.6042,76.5789
1096,0.6057,75.9211
1097,0.6055,75.3947
1098,0.602,75.3947
1099,0.6044,76.0526
1100,0.6027,75.2632
1101,0.6057,75.6579
1102,0.6045,75.0
1103,0.6064,76.0526
1104,0.603,76.3158
1105,0.6054,75.2632
1106,0.6043,75.1316
1107,0.6043,77.6316
1108,0.6064,74.7368
1109,0.6036,75.3947
1110,0.6051,74.7368
1111,0.6044,75.6579
1112,0.6047,75.7895
1113,0.608,75.3947
1114,0.606,76.9737
1115,0.6049,76.8421
1116,0.6047,75.1316
1117,0.605,75.6579
1118,0.603,74.0789
1119,0.6042,75.9211
1120,0.6057,75.3947
1121,0.6048,74.2105
1122,0.6076,75.5263
1123,0.605,76.1842
1124,0.6033,76.3158
1125,0.6057,76.8421
1126,0.6048,76.1842
1127,0.6046,76.0526
1128,0.6044,76.1842
1129,0.6019,75.1316
1130,0.6038,76.5789
1131,0.6043,75.6579
1132,0.6041,75.2632
1133,0.6063,75.0
1134,0.6065,75.1316
1135,0.6017,77.3684
1136,0.602,76.1842
1137,0.6041,75.1316
1138,0.6026,76.1842
1139,0.6021,75.5263
1140,0.6047,75.6579
1141,0.6069,75.7895
1142,0.6032,77.2368
1143,0.6033,75.1316
1144,0.605,75.9211
1145,0.6049,76.3158
1146,0.6052,76.3158
1147,0.6031,75.6579
1148,0.6037,75.0
1149,0.6037,76.8421
1150,0.6072,75.3947
1151,0.6048,76.5789
1152,0.6055,74.6053
1153,0.6046,75.5263
1154,0.6031,76.0526
1155,0.6031,76.8421
1156,0.6033,76.3158
1157,0.6034,76.3158
1158,0.6032,75.6579
1159,0.6032,76.7105
1160,0.6042,74.2105
1161,0.6057,76.8421
1162,0.6029,76.3158
1163,0.6041,78.0263
1164,0.6057,76.3158
1165,0.605,75.3947
1166,0.603,75.2632
1167,0.604,76.9737
1168,0.6038,76.3158
1169,0.6049,76.3158
1170,0.6045,74.7368
1171,0.6037,74.0789
1172,0.605,77.2368
1173,0.6042,76.1842
1174,0.6043,75.2632
1175,0.6056,75.3947
1176,0.6048,75.9211
1177,0.6032,76.3158
1178,0.6041,76.9737
1179,0.6041,76.9737
1180,0.6057,76.7105
1181,0.6031,76.8421
1182,0.6027,76.8421
1183,0.6035,75.9211
1184,0.6028,76.5789
1185,0.6041,74.6053
1186,0.6047,76.5789
1187,0.6038,75.6579
1188,0.6042,74.8684
1189,0.6029,76.7105
1190,0.6043,76.3158
1191,0.6051,76.7105
1192,0.6032,75.5263
1193,0.606,75.7895
1194,0.6044,75.3947
1195,0.6047,75.5263
1196,0.6038,74.8684
1197,0.6074,76.7105
1198,0.6031,76.0526
1199,0.6035,75.7895
1200,0.604,76.8421
1201,0.6032,76.8421
1202,0.6081,76.4474
1203,0.6041,75.6579
1204,0.6032,75.7895
1205,0.6015,75.7895
1206,0.6034,76.1842
1207,0.6017,77.1053
1208,0.6017,76.1842
1209,0.6046,76.1842
1210,0.6044,76.9737
1211,0.606,76.1842
1212,0.6038,77.1053
1213,0.602,75.6579
1214,0.6042,76.0526
1215,0.6049,74.6053
1216,0.6022,76.1842
1217,0.6032,75.6579
1218,0.6053,75.9211
1219,0.6032,75.2632
1220,0.602,76.1842
1221,0.6022,75.2632
1222,0.6034,76.3158
1223,0.6047,76.3158
1224,0.6029,76.3158
1225,0.6035,75.9211
1226,0.6026,76.3158
1227,0.6021,75.6579
1228,0.6036,76.0526
1229,0.6029,76.7105
1230,0.6035,76.3158
1231,0.6038,76.5789
1232,0.6019,75.6579
1233,0.6027,75.9211
1234,0.6043,76.3158
1235,0.6042,75.5263
1236,0.6023,75.2632
1237,0.6031,76.8421
1238,0.6036,76.0526
1239,0.6009,76.5789
1240,0.6032,75.7895
1241,0.602,76.0526
1242,0.6012,77.1053
1243,0.6032,76.1842
1244,0.6035,75.9211
1245,0.6062,75.1316
1246,0.6033,74.3421
1247,0.606,76.0526
1248,0.6017,75.6579
1249,0.6054,75.5263
1250,0.606,76.0526
1251,0.6042,77.5
1252,0.6018,77.7632
1253,0.6053,74.7368
1254,0.604,75.6579
1255,0.6033,74.7368
1256,0.603,75.7895
1257,0.6038,76.5789
1258,0.6017,74.7368
1259,0.6054,75.5263
1260,0.6047,75.0
1261,0.6039,75.9211
1262,0.6021,75.9211
1263,0.6041,75.6579
1264,0.6041,75.6579
1265,0.6035,75.7895
1266,0.6038,75.7895
1267,0.6022,76.0526
1268,0.601,76.0526
1269,0.6012,76.1842
1270,0.604,76.4474
1271,0.6031,76.5789
1272,0.6038,76.5789
1273,0.6041,74.7368
1274,0.605,74.2105
1275,0.6034,77.3684
1276,0.6021,76.3158
1277,0.6052,75.5263
1278,0.6002,76.8421
1279,0.6011,76.8421
1280,0.6022,76.1842
1281,0.6023,75.7895
1282,0.6033,75.9211
1283,0.6006,75.6579
1284,0.6041,75.0
1285,0.6027,76.4474
1286,0.6028,76.8421
1287,0.604,76.9737
1288,0.6018,75.6579
1289,0.6028,76.0526
1290,0.603,76.3158
1291,0.6027,76.5789
1292,0.6028,75.6579
1293,0.6029,75.7895
1294,0.6048,75.9211
1295,0.6025,75.3947
1296,0.6021,76.1842
1297,0.6016,75.6579
1298,0.6026,76.0526
1299,0.6011,74.7368
1300,0.6029,74.8684
1301,0.6028,76.4474
1302,0.6024,76.1842
1303,0.6028,76.5789
1304,0.6017,76.7105
1305,0.6037,76.1842
1306,0.6043,76.0526
1307,0.6059,77.2368
1308,0.6034,75.5263
1309,0.6006,75.1316
1310,0.6035,74.2105
1311,0.6021,75.6579
1312,0.6027,76.0526
1313,0.6033,75.7895
1314,0.6017,75.7895
1315,0.6015,74.3421
1316,0.6023,75.7895
1317,0.6027,76.4474
1318,0.6025,75.9211
1319,0.6024,76.7105
1320,0.6025,75.0
1321,0.6017,75.5263
1322,0.6018,75.5263
1323,0.6002,76.0526
1324,0.6009,76.4474
1325,0.6009,75.5263
1326,0.6016,74.6053
1327,0.6023,75.5263
1328,0.6015,75.2632
1329,0.6004,75.3947
1330,0.5995,76.3158
1331,0.6046,75.5263
1332,0.6017,76.5789
1333,0.6008,75.2632
1334,0.6021,76.7105
1335,0.603,76.5789
1336,0.6029,75.1316
1337,0.6041,76.5789
1338,0.6021,74.4737
1339,0.5997,75.1316
1340,0.6027,77.3684
1341,0.6031,76.1842
1342,0.6032,75.9211
1343,0.6022,76.3158
1344,0.6006,76.5789
1345,0.6028,75.9211
1346,0.6003,75.7895
1347,0.6026,74.3421
1348,0.6058,75.1316
1349,0.6028,76.1842
1350,0.6005,75.6579
1351,0.5979,76.5789
1352,0.604,75.9211
1353,0.6023,76.7105
1354,0.6033,76.5789
1355,0.6036,76.3158
1356,0.6023,75.7895
1357,0.6011,75.6579
1358,0.6029,76.1842
1359,0.602,76.3158
1360,0.604,76.9737
1361,0.6026,76.0526
1362,0.6027,76.8421
1363,0.6018,76.5789
1364,0.6038,74.4737
1365,0.6019,76.8421
1366,0.6031,76.4474
1367,0.5993,75.7895
1368,0.6025,76.5789
1369,0.6001,76.1842
1370,0.6032,76.5789
1371,0.6004,74.8684
1372,0.6007,75.5263
1373,0.6012,75.1316
1374,0.6022,76.3158
1375,0.602,76.3158
1376,0.6008,76.4474
1377,0.6,76.1842
1378,0.6036,76.3158
1379,0.5996,76.4474
1380,0.6036,75.6579
1381,0.6002,76.7105
1382,0.6012,75.6579
1383,0.6027,76.9737
1384,0.6005,76.1842
1385,0.6023,75.0
1386,0.6014,76.3158
1387,0.6009,75.5263
1388,0.6012,75.0
1389,0.6018,76.8421
1390,0.6011,77.5
1391,0.5997,73.6842
1392,0.6009,75.9211
1393,0.6031,75.6579
1394,0.605,76.0526
1395,0.6013,74.4737
1396,0.6025,75.7895
1397,0.6002,75.7895
1398,0.6015,76.7105
1399,0.5993,77.1053
1400,0.602,76.0526
1401,0.6016,74.8684
1402,0.602,75.6579
1403,0.6008,75.2632
1404,0.6007,77.2368
1405,0.6037,76.0526
1406,0.604,74.7368
1407,0.6017,76.3158
1408,0.604,76.1842
1409,0.602,74.7368
1410,0.6026,76.7105
1411,0.6013,76.9737
1412,0.6021,75.5263
1413,0.6034,77.2368
1414,0.5989,77.3684
1415,0.6019,76.7105
1416,0.5978,76.5789
1417,0.6033,75.9211
1418,0.6001,75.2632
1419,0.6045,76.3158
1420,0.6026,76.3158
1421,0.6013,75.1316
1422,0.6013,75.3947
1423,0.6022,74.3421
1424,0.6008,77.1053
1425,0.601,74.7368
1426,0.5997,75.2632
1427,0.5993,75.2632
1428,0.6045,75.7895
1429,0.6011,76.1842
1430,0.6003,76.0526
1431,0.6008,75.7895
1432,0.599,76.0526
1433,0.6004,76.5789
1434,0.6011,74.8684
1435,0.602,76.5789
1436,0.5996,75.2632
1437,0.5991,77.5
1438,0.6013,75.9211
1439,0.6028,76.4474
1440,0.5997,75.6579
1441,0.5991,76.1842
1442,0.6029,76.5789
1443,0.6003,76.5789
1444,0.6028,75.5263
1445,0.6008,76.7105
1446,0.6026,75.0
1447,0.6022,75.2632
1448,0.6001,76.8421
1449,0.5994,76.7105
1450,0.602,77.3684
1451,0.5996,76.8421
1452,0.6002,74.6053
1453,0.6014,76.1842
1454,0.6014,75.5263
1455,0.6026,75.3947
1456,0.5993,77.5
1457,0.6005,74.6053
1458,0.6025,75.5263
1459,0.6024,75.9211
1460,0.6004,75.9211
1461,0.6004,75.6579
1462,0.6025,75.7895
1463,0.6018,76.0526
1464,0.6023,75.5263
1465,0.6023,74.8684
1466,0.6016,76.1842
1467,0.6017,75.3947
1468,0.6009,74.8684
1469,0.6013,76.1842
1470,0.601,75.9211
1471,0.5997,75.7895
1472,0.5998,75.1316
1473,0.6025,75.2632
1474,0.6016,76.4474
1475,0.6014,76.0526
1476,0.6001,76.8421
1477,0.6005,76.1842
1478,0.6022,75.9211
1479,0.5998,75.7895
1480,0.6026,76.0526
1481,0.6019,75.6579
1482,0.6009,76.5789
1483,0.6003,76.0526
1484,0.6005,76.9737
1485,0.6019,75.6579
1486,0.5998,76.4474
1487,0.6007,75.7895
1488,0.6007,76.9737
1489,0.6026,75.3947
1490,0.601,75.7895
1491,0.6009,75.3947
1492,0.6004,75.7895
1493,0.6014,74.3421
1494,0.6028,75.0
1495,0.5991,75.9211
1496,0.6019,75.6579
1497,0.5991,76.5789
1498,0.602,75.3947
1499,0.6016,76.4474
1500,0.5986,76.0526
1501,0.6021,75.6579
1502,0.6018,76.4474
1503,0.6008,76.5789
1504,0.5988,76.4474
1505,0.6001,75.9211
1506,0.5991,77.6316
1507,0.5992,74.7368
1508,0.6032,76.1842
1509,0.6023,75.6579
1510,0.601,75.6579
1511,0.6005,75.9211
1512,0.6019,75.5263
1513,0.6002,76.8421
1514,0.6018,75.0
1515,0.602,75.1316
1516,0.6014,75.9211
1517,0.6003,76.0526
1518,0.5985,75.6579
1519,0.6007,75.0
1520,0.6011,76.4474
1521,0.6026,76.1842
1522,0.5978,76.9737
1523,0.6,75.7895
1524,0.5984,77.7632
1525,0.6035,75.7895
1526,0.6007,75.5263
1527,0.6016,75.9211
1528,0.6011,76.7105
1529,0.5999,75.9211
1530,0.5997,77.7632
1531,0.602,77.2368
1532,0.6009,75.3947
1533,0.6005,75.2632
1534,0.5991,76.0526
1535,0.6003,76.3158
1536,0.6006,74.0789
1537,0.6005,74.7368
1538,0.5984,76.5789
1539,0.6019,75.7895
1540,0.6002,77.3684
1541,0.6022,76.3158
1542,0.6005,75.0
1543,0.6,74.6053
1544,0.599,75.0
1545,0.5995,77.1053
1546,0.5998,76.7105
1547,0.5991,74.6053
1548,0.5999,77.3684
1549,0.6027,76.5789
1550,0.6005,76.3158
1551,0.6021,76.0526
1552,0.6006,75.2632
1553,0.6004,76.4474
1554,0.6009,74.8684
1555,0.6023,75.3947
1556,0.6007,75.1316
1557,0.597,75.7895
1558,0.5978,75.3947
1559,0.6004,75.2632
1560,0.6,76.0526
1561,0.6013,76.3158
1562,0.5986,75.7895
1563,0.5976,76.3158
1564,0.6018,73.6842
1565,0.5999,76.9737
1566,0.5995,75.9211
1567,0.6006,76.1842
1568,0.6021,75.3947
1569,0.6012,75.3947
1570,0.5994,76.5789
1571,0.5984,75.9211
1572,0.5993,75.0
1573,0.601,76.1842
1574,0.6017,75.6579
1575,0.6014,75.2632
1576,0.5995,76.5789
1577,0.5999,76.0526
1578,0.5999,75.7895
1579,0.5991,75.1316
1580,0.6024,76.3158
1581,0.5993,74.8684
1582,0.6007,76.0526
1583,0.6027,76.0526
1584,0.5996,75.3947
1585,0.6024,75.3947
1586,0.5981,75.7895
1587,0.5996,76.1842
1588,0.5994,76.4474
1589,0.5989,76.0526
1590,0.6014,75.5263
1591,0.5994,75.6579
1592,0.5984,75.1316
1593,0.6019,76.0526
1594,0.5998,77.1053
1595,0.6004,75.9211
1596,0.6024,77.7632
1597,0.6018,75.9211
1598,0.6008,76.0526
1599,0.6013,75.3947
1600,0.6017,74.6053
1601,0.6008,74.7368
1602,0.5995,75.0
1603,0.6021,76.3158
1604,0.5977,74.7368
1605,0.6007,76.3158
1606,0.6013,76.5789
1607,0.6012,75.0
1608,0.6005,75.5263
1609,0.5996,75.7895
1610,0.6012,76.5789
1611,0.5998,75.2632
1612,0.5969,76.3158
1613,0.5999,76.3158
1614,0.6029,76.3158
1615,0.6013,75.6579
1616,0.6028,76.0526
1617,0.601,76.3158
1618,0.6005,75.5263
1619,0.6006,75.3947
1620,0.6011,76.5789
1621,0.6001,75.5263
1622,0.6011,77.3684
1623,0.6018,75.1316
1624,0.5983,76.4474
1625,0.5988,77.3684
1626,0.5995,76.1842
1627,0.6006,76.3158
1628,0.6028,75.6579
1629,0.6014,75.2632
1630,0.5988,75.7895
1631,0.5991,75.9211
1632,0.6005,75.7895
1633,0.5992,75.7895
1634,0.5996,77.1053
1635,0.6027,75.1316
1636,0.6007,75.7895
1637,0.6007,75.9211
1638,0.5983,75.1316
1639,0.598,76.0526
1640,0.5984,76.3158
1641,0.5981,76.4474
1642,0.6022,75.7895
1643,0.5982,75.6579
1644,0.6003,75.6579
1645,0.6007,75.9211
1646,0.6022,74.3421
1647,0.5985,76.7105
1648,0.5999,76.1842
1649,0.5981,75.2632
1650,0.5974,75.2632
1651,0.6006,76.5789
1652,0.5988,76.8421
1653,0.6007,76.4474
1654,0.5984,76.1842
1655,0.5993,75.7895
1656,0.6003,77.3684
1657,0.6001,76.7105
1658,0.5992,75.1316
1659,0.6037,76.0526
1660,0.5989,76.3158
1661,0.5993,76.1842
1662,0.5996,74.3421
1663,0.598,75.1316
1664,0.5985,75.2632
1665,0.601,74.3421
1666,0.6002,76.3158
1667,0.6007,76.1842
1668,0.5998,77.5
1669,0.602,75.9211
1670,0.598,76.3158
1671,0.5992,75.7895
1672,0.5994,76.5789
1673,0.6002,77.1053
1674,0.5994,75.2632
1675,0.5993,77.2368
1676,0.5992,76.4474
1677,0.5985,76.5789
1678,0.5983,75.9211
1679,0.6019,76.7105
1680,0.6002,77.2368
1681,0.6017,76.3158
1682,0.5989,76.3158
1683,0.5992,76.1842
1684,0.5998,75.6579
1685,0.5996,75.9211
1686,0.601,75.7895
1687,0.5999,76.1842
1688,0.5993,75.1316
1689,0.6002,76.1842
1690,0.5999,74.6053
1691,0.5978,76.1842
1692,0.6007,75.2632
1693,0.5987,75.9211
1694,0.6009,75.2632
1695,0.6003,76.1842
1696,0.5993,76.1842
1697,0.5991,76.5789
1698,0.5991,76.1842
1699,0.6006,76.3158
1700,0.5997,75.1316
1701,0.5987,76.0526
1702,0.599,75.6579
1703,0.5964,75.3947
1704,0.6018,76.5789
1705,0.5997,75.6579
1706,0.6002,76.4474
1707,0.6,75.6579
1708,0.6016,77.5
1709,0.6005,76.1842
1710,0.6009,75.9211
1711,0.5992,75.9211
1712,0.5994,75.7895
1713,0.6004,75.5263
1714,0.5975,75.0
1715,0.5981,77.1053
1716,0.5971,77.3684
1717,0.6002,75.0
1718,0.5993,77.2368
1719,0.6002,74.0789
1720,0.6028,75.9211
1721,0.6016,75.2632
1722,0.5995,76.7105
1723,0.5998,76.3158
1724,0.6004,76.4474
1725,0.6003,74.7368
1726,0.5995,74.3421
1727,0.5986,75.5263
1728,0.6001,75.6579
1729,0.5987,75.7895
1730,0.5994,75.6579
1731,0.5998,75.9211
1732,0.5974,76.3158
1733,0.6,76.7105
1734,0.5971,76.3158
1735,0.5988,76.3158
1736,0.6009,75.9211
1737,0.5993,75.2632
1738,0.6005,75.3947
1739,0.5991,76.0526
1740,0.5983,75.5263
1741,0.5983,75.5263
1742,0.5987,77.2368
1743,0.6003,76.5789
1744,0.5982,75.6579
1745,0.5976,76.8421
1746,0.6,75.0
1747,0.5984,76.1842
1748,0.5992,76.4474
1749,0.5984,76.4474
1750,0.6001,74.7368
1751,0.6003,75.7895
1752,0.599,74.8684
1753,0.6004,77.2368
1754,0.6002,76.0526
1755,0.6005,75.1316
1756,0.5963,74.6053
1757,0.601,75.7895
1758,0.599,76.0526
1759,0.5994,75.1316
1760,0.6011,76.7105
1761,0.5998,75.9211
1762,0.6002,74.7368
1763,0.5987,76.4474
1764,0.5987,75.3947
1765,0.6002,76.1842
1766,0.5983,76.0526
1767,0.6014,76.9737
1768,0.6009,76.1842
1769,0.5991,74.4737
1770,0.601,75.6579
1771,0.6003,76.4474
1772,0.5992,76.1842
1773,0.6001,76.1842
1774,0.5988,76.0526
1775,0.5999,75.6579
1776,0.5972,75.0
1777,0.5996,76.3158
1778,0.6001,76.8421
1779,0.5995,76.0526
1780,0.5973,75.6579
1781,0.5988,76.5789
1782,0.597,76.0526
1783,0.6007,74.8684
1784,0.5994,75.7895
1785,0.5986,76.3158
1786,0.5974,74.8684
1787,0.5992,75.1316
1788,0.6006,76.5789
1789,0.599,76.1842
1790,0.5994,76.4474
1791,0.5965,75.1316
1792,0.6015,75.6579
1793,0.5977,75.6579
1794,0.5979,74.6053
1795,0.5986,76.9737
1796,0.6002,75.5263
1797,0.5994,75.6579
1798,0.5987,75.1316
1799,0.5986,76.0526
1800,0.6009,76.3158
1801,0.6016,76.3158
1802,0.5989,76.4474
1803,0.5997,75.2632
1804,0.6007,76.4474
1805,0.6007,75.2632
1806,0.5959,75.9211
1807,0.6002,76.5789
1808,0.5997,76.4474
1809,0.5972,75.5263
1810,0.5976,76.0526
1811,0.5992,75.9211
1812,0.6002,76.3158
1813,0.5981,75.7895
1814,0.5992,76.0526
1815,0.5986,75.3947
1816,0.6005,75.9211
1817,0.5984,75.2632
1818,0.5979,75.9211
1819,0.5978,75.2632
1820,0.6004,74.7368
1821,0.5978,75.7895
1822,0.5977,75.5263
1823,0.6003,77.7632
1824,0.5994,76.5789
1825,0.5981,76.5789
1826,0.6001,75.7895
1827,0.6,75.3947
1828,0.5993,76.8421
1829,0.5994,76.4474
1830,0.5994,76.1842
1831,0.6002,76.3158
1832,0.6003,75.3947
1833,0.5977,75.7895
1834,0.6011,76.0526
1835,0.6003,76.3158
1836,0.6017,77.5
1837,0.5992,75.1316
1838,0.5984,76.0526
1839,0.5993,76.9737
1840,0.5992,75.7895
1841,0.5966,75.5263
1842,0.5989,77.7632
1843,0.5994,75.5263
1844,0.5986,76.7105
1845,0.5989,76.5789
1846,0.5979,76.9737
1847,0.5983,76.0526
1848,0.5977,75.9211
1849,0.5991,76.3158
1850,0.5988,74.8684
1851,0.5988,76.0526
1852,0.6011,75.3947
1853,0.5984,76.1842
1854,0.5991,76.3158
1855,0.5997,76.0526
1856,0.6004,76.9737
1857,0.6003,73.4211
1858,0.599,75.5263
1859,0.599,77.3684
1860,0.5993,75.6579
1861,0.5989,75.3947
1862,0.599,75.6579
1863,0.6001,75.9211
1864,0.6011,75.6579
1865,0.5997,76.4474
1866,0.5999,76.3158
1867,0.598,76.3158
1868,0.5973,75.3947
1869,0.5985,75.5263
1870,0.5988,75.3947
1871,0.5981,75.3947
1872,0.6006,76.0526
1873,0.5995,75.5263
1874,0.5983,75.5263
1875,0.5988,75.6579
1876,0.598,76.7105
1877,0.5993,76.1842
1878,0.5987,75.6579
1879,0.5979,74.8684
1880,0.5988,75.1316
1881,0.5994,76.7105
1882,0.597,76.1842
1883,0.5975,75.3947
1884,0.5985,76.1842
1885,0.5995,75.1316
1886,0.6003,77.1053
1887,0.598,76.3158
1888,0.6002,75.5263
1889,0.5981,77.2368
1890,0.6005,76.1842
1891,0.5979,75.9211
1892,0.5976,76.4474
1893,0.5978,75.9211
1894,0.5995,76.8421
1895,0.5961,76.7105
1896,0.5965,76.0526
1897,0.6012,76.7105
1898,0.6,75.9211
1899,0.5992,75.9211
1900,0.5994,75.2632
1901,0.5971,75.6579
1902,0.6013,75.7895
1903,0.5973,76.4474
1904,0.5975,76.1842
1905,0.5987,75.9211
1906,0.5999,74.8684
1907,0.6006,76.1842
1908,0.6,75.5263
1909,0.5987,75.1316
1910,0.5976,76.0526
1911,0.5979,76.4474
1912,0.597,75.2632
1913,0.5988,75.3947
1914,0.5998,75.0
1915,0.5995,75.3947
1916,0.6016,75.9211
1917,0.5994,75.9211
1918,0.5978,75.3947
1919,0.5983,76.3158
1920,0.5955,74.8684
1921,0.6012,75.9211
1922,0.597,75.9211
1923,0.5964,75.1316
1924,0.5995,75.2632
1925,0.6008,76.5789
1926,0.5992,76.7105
1927,0.5959,76.3158
1928,0.5958,74.8684
1929,0.599,75.7895
1930,0.5998,75.6579
1931,0.5995,75.9211
1932,0.5971,76.8421
1933,0.5994,75.9211
1934,0.5983,76.1842
1935,0.5994,77.1053
1936,0.5996,76.4474
1937,0.5973,75.9211
1938,0.5985,76.0526
1939,0.5972,77.2368
1940,0.5978,75.7895
1941,0.599,75.1316
1942,0.5985,76.1842
1943,0.5971,75.6579
1944,0.5991,75.0
1945,0.5993,75.6579
1946,0.5978,76.3158
1947,0.5985,75.5263
1948,0.5973,75.3947
1949,0.5943,75.0
1950,0.5967,76.4474
1951,0.5965,76.7105
1952,0.597,76.4474
1953,0.5996,77.7632
1954,0.5987,76.1842
1955,0.5982,75.9211
1956,0.5986,75.1316
1957,0.6003,75.6579
1958,0.5996,76.4474
1959,0.5987,76.3158
1960,0.5989,76.0526
1961,0.5977,76.8421
1962,0.5997,75.9211
1963,0.5996,76.3158
1964,0.5982,76.9737
1965,0.5971,75.9211
1966,0.5984,76.9737
1967,0.5987,76.0526
1968,0.5998,76.0526
1969,0.5989,76.0526
1970,0.5985,76.7105
1971,0.5965,75.3947
1972,0.5985,76.8421
1973,0.5979,76.3158
1974,0.5978,74.3421
1975,0.5982,75.5263
1976,0.5971,77.1053
1977,0.5987,76.4474
1978,0.5993,75.6579
1979,0.5968,76.1842
1980,0.5999,76.3158
1981,0.5973,75.7895
1982,0.5974,76.5789
1983,0.5984,75.2632
1984,0.5994,74.3421
1985,0.5979,75.7895
1986,0.597,75.3947
1987,0.6,75.2632
1988,0.5989,76.8421
1989,0.5978,75.2632
1990,0.5972,76.7105
1991,0.5975,75.2632
1992,0.595,75.5263
1993,0.5985,75.7895
1994,0.5981,74.2105
1995,0.5979,76.9737
1996,0.5971,76.1842
1997,0.5993,75.5263
1998,0.5991,77.1053
1999,0.5971,74.3421
2000,0.5979,75.7895
2001,0.5986,76.8421
2002,0.5981,75.7895
2003,0.5952,75.3947
2004,0.6012,75.9211
2005,0.5979,76.0526
2006,0.5998,75.7895
2007,0.5987,75.0
2008,0.5996,75.5263
2009,0.5988,75.0
2010,0.5952,76.4474
2011,0.5997,75.0
2012,0.5993,77.3684
2013,0.5997,76.7105
2014,0.5988,76.3158
2015,0.5991,75.9211
2016,0.5999,76.3158
2017,0.5944,76.8421
2018,0.5974,75.7895
2019,0.5973,76.5789
2020,0.5979,76.0526
2021,0.5972,75.7895
2022,0.596,75.7895
2023,0.597,75.0
2024,0.5993,75.7895
2025,0.5978,76.3158
2026,0.5981,75.7895
2027,0.6009,75.2632
2028,0.5985,76.1842
2029,0.5989,75.1316
2030,0.5985,74.6053
2031,0.5984,75.1316
2032,0.5971,76.3158
2033,0.6002,76.8421
2034,0.5972,75.2632
2035,0.5973,77.2368
2036,0.5965,75.7895
2037,0.5975,76.4474
2038,0.598,75.7895
2039,0.5991,75.9211
2040,0.5997,76.5789
2041,0.5981,76.0526
2042,0.5993,75.9211
2043,0.597,76.5789
2044,0.6001,76.4474
2045,0.6001,75.6579
2046,0.5968,76.9737
2047,0.5984,76.3158
2048,0.5986,75.3947
2049,0.5981,77.3684
2050,0.5966,75.9211
2051,0.5973,76.3158
2052,0.5978,75.2632
2053,0.597,75.6579
2054,0.5991,76.7105
2055,0.5988,75.7895
2056,0.597,76.7105
2057,0.5975,76.9737
2058,0.5992,75.2632
2059,0.5984,75.3947
2060,0.5982,74.6053
2061,0.5992,75.5263
2062,0.5979,75.7895
2063,0.5976,77.2368
2064,0.5982,76.3158
2065,0.5995,76.4474
2066,0.5976,76.4474
2067,0.5961,77.2368
2068,0.5977,76.3158
2069,0.5969,75.3947
2070,0.5993,76.1842
2071,0.6008,76.5789
2072,0.5985,75.6579
2073,0.6007,76.8421
2074,0.5978,75.9211
2075,0.5967,76.5789
2076,0.5975,76.1842
2077,0.5975,76.8421
2078,0.6002,75.6579
2079,0.5998,75.5263
2080,0.5996,76.9737
2081,0.5996,75.6579
2082,0.5954,76.8421
2083,0.6006,75.5263
2084,0.5979,76.0526
2085,0.5989,75.6579
2086,0.5979,75.9211
2087,0.5986,76.8421
2088,0.5986,76.3158
2089,0.5977,76.7105
2090,0.599,75.9211
2091,0.599,75.5263
2092,0.5977,75.5263
2093,0.6006,76.7105
2094,0.5977,74.7368
2095,0.5997,76.9737
2096,0.5976,76.8421
2097,0.5971,75.2632
2098,0.5966,76.8421
2099,0.5949,76.5789
2100,0.5984,75.9211
2101,0.5977,76.0526
2102,0.5982,75.5263
2103,0.5958,75.1316
2104,0.5983,76.7105
2105,0.5981,74.3421
2106,0.5988,75.2632
2107,0.5968,76.1842
2108,0.5969,77.7632
2109,0.5994,75.1316
2110,0.597,76.0526
2111,0.5966,75.5263
2112,0.5983,76.1842
2113,0.5976,76.5789
2114,0.5979,76.3158
2115,0.5985,76.1842
2116,0.5968,75.6579
2117,0.5974,75.0
2118,0.5996,75.5263
2119,0.5974,76.9737
2120,0.5959,76.0526
2121,0.595,75.6579
2122,0.5975,75.0
2123,0.5969,75.2632
2124,0.5986,76.1842
2125,0.6003,76.5789
2126,0.5965,75.9211
2127,0.5943,77.3684
2128,0.5959,76.8421
2129,0.5986,75.2632
2130,0.5982,74.8684
2131,0.5977,76.5789
2132,0.5982,75.9211
2133,0.5973,77.2368
2134,0.5973,76.4474
2135,0.5985,76.1842
2136,0.5989,76.9737
2137,0.5956,75.6579
2138,0.5981,76.7105
2139,0.5982,76.1842
2140,0.5973,75.9211
2141,0.5964,76.7105
2142,0.5964,76.0526
2143,0.5978,76.3158
2144,0.5976,75.9211
2145,0.5981,75.9211
2146,0.5996,75.5263
2147,0.5984,76.4474
2148,0.5954,75.9211
2149,0.598,75.7895
2150,0.597,76.1842
2151,0.6001,77.1053
2152,0.5981,77.1053
2153,0.5991,76.4474
2154,0.6007,77.1053
2155,0.5976,76.5789
2156,0.5962,77.5
2157,0.5982,75.5263
2158,0.5982,76.0526
2159,0.5977,76.7105
2160,0.599,77.2368
2161,0.5982,75.1316
2162,0.5955,76.8421
2163,0.5976,77.1053
2164,0.5987,76.1842
2165,0.5999,74.4737
2166,0.5949,76.8421
2167,0.5973,76.7105
2168,0.5968,75.7895
2169,0.597,75.5263
2170,0.5989,76.9737
2171,0.5985,75.2632
2172,0.5992,76.9737
2173,0.5988,75.3947
2174,0.598,75.7895
2175,0.5983,76.4474
2176,0.5956,75.6579
2177,0.5976,75.5263
2178,0.5992,75.3947
2179,0.5972,75.6579
2180,0.5973,74.8684
2181,0.5951,76.3158
2182,0.5974,76.3158
2183,0.5986,75.9211
2184,0.5981,75.5263
2185,0.5975,77.1053
2186,0.598,75.9211
2187,0.5983,76.0526
2188,0.5966,76.1842
2189,0.5991,76.4474
2190,0.5966,75.5263
2191,0.598,75.3947
2192,0.598,76.0526
2193,0.5979,77.2368
2194,0.5986,76.9737
2195,0.5948,76.3158
2196,0.5989,75.7895
2197,0.5986,76.9737
2198,0.5972,75.5263
2199,0.5975,75.5263
2200,0.5984,74.2105
2201,0.5976,76.1842
2202,0.5972,76.7105
2203,0.6008,76.3158
2204,0.5948,75.1316
2205,0.5977,75.0
2206,0.5977,76.7105
2207,0.5985,76.5789
2208,0.5973,76.3158
2209,0.5977,75.6579
2210,0.601,77.1053
2211,0.5989,75.0
2212,0.5975,75.3947
2213,0.5998,76.1842
2214,0.5981,76.1842
2215,0.5975,76.3158
2216,0.5987,76.4474
2217,0.599,75.6579
2218,0.596,77.1053
2219,0.5965,76.5789
2220,0.5979,75.3947
2221,0.5953,75.9211
2222,0.5984,75.0
2223,0.5974,75.3947
2224,0.597,75.2632
2225,0.5979,76.4474
2226,0.598,76.3158
2227,0.5956,76.5789
2228,0.5966,75.7895
2229,0.5988,76.9737
2230,0.5961,75.6579
2231,0.5967,77.5
2232,0.5972,76.3158
2233,0.5955,76.7105
2234,0.5979,75.6579
2235,0.5959,77.1053
2236,0.5972,75.6579
2237,0.597,75.2632
2238,0.5956,75.5263
2239,0.5969,76.7105
2240,0.5986,77.5
2241,0.5981,76.8421
2242,0.5973,76.3158
2243,0.5984,76.7105
2244,0.5973,76.1842
2245,0.5976,76.7105
2246,0.597,75.6579
2247,0.5982,76.7105
2248,0.597,75.7895
2249,0.5987,76.3158
2250,0.5985,76.9737
2251,0.5955,76.1842
2252,0.5981,76.1842
2253,0.5966,77.6316
2254,0.5993,76.4474
2255,0.5971,75.3947
2256,0.5964,76.4474
2257,0.5965,76.7105
2258,0.598,76.4474
2259,0.5972,76.4474
2260,0.5979,76.4474
2261,0.5986,76.4474
2262,0.5972,75.5263
2263,0.5977,76.0526
2264,0.5974,76.9737
2265,0.5971,76.7105
2266,0.5951,76.8421
2267,0.5978,74.4737
2268,0.5971,75.5263
2269,0.5973,75.2632
2270,0.5946,75.9211
2271,0.5957,75.0
2272,0.5986,76.5789
2273,0.5964,76.7105
2274,0.5952,76.4474
2275,0.5969,75.5263
2276,0.5962,76.0526
2277,0.5983,75.9211
2278,0.5964,76.0526
2279,0.5977,74.8684
2280,0.599,75.1316
2281,0.5967,75.9211
2282,0.5983,76.8421
2283,0.5965,75.6579
2284,0.597,76.5789
2285,0.5973,76.1842
2286,0.5981,76.4474
2287,0.5965,74.8684
2288,0.5973,76.1842
2289,0.5964,75.7895
2290,0.597,75.7895
2291,0.5991,76.9737
2292,0.5947,76.4474
2293,0.5971,75.9211
2294,0.5985,77.2368
2295,0.598,76.0526
2296,0.5981,75.7895
2297,0.5959,75.9211
2298,0.5967,76.4474
2299,0.5979,76.0526
2300,0.5981,75.9211
2301,0.5976,75.5263
2302,0.5959,75.6579
2303,0.5954,76.0526
2304,0.5968,77.1053
2305,0.5944,75.2632
2306,0.5994,75.7895
2307,0.5977,76.9737
2308,0.5976,77.1053
2309,0.5953,76.0526
2310,0.5982,76.0526
2311,0.5979,76.3158
2312,0.597,77.1053
2313,0.5944,76.9737
2314,0.5954,75.6579
2315,0.5983,75.0
2316,0.5981,76.4474
2317,0.5964,76.4474
2318,0.5958,75.2632
2319,0.5982,76.8421
2320,0.5947,76.5789
2321,0.5968,76.3158
2322,0.5981,76.7105
2323,0.5976,76.1842
2324,0.598,77.1053
2325,0.5961,76.1842
2326,0.597,76.0526
2327,0.599,74.8684
2328,0.5977,75.3947
2329,0.5974,75.9211
2330,0.5974,75.3947
2331,0.598,76.9737
2332,0.5977,75.3947
2333,0.6003,76.0526
2334,0.5968,76.7105
2335,0.5975,76.4474
2336,0.5954,75.5263
2337,0.5959,76.0526
2338,0.598,76.8421
2339,0.5973,76.8421
2340,0.5969,75.9211
2341,0.5957,76.9737
2342,0.5958,76.1842
2343,0.5957,76.8421
2344,0.5993,75.9211
2345,0.5986,77.6316
2346,0.6,75.3947
2347,0.5974,75.6579
2348,0.5984,75.6579
2349,0.5957,76.1842
2350,0.5973,75.9211
2351,0.5944,76.5789
2352,0.5979,76.3158
2353,0.5957,75.1316
2354,0.5996,76.0526
2355,0.5951,75.9211
2356,0.5971,76.3158
2357,0.5966,77.1053
2358,0.5975,75.0
2359,0.5953,76.9737
2360,0.5958,76.1842
2361,0.5961,75.5263
2362,0.5964,75.7895
2363,0.5986,76.9737
2364,0.5945,75.9211
2365,0.5967,75.3947
2366,0.5959,75.2632
2367,0.5967,76.0526
2368,0.596,76.3158
2369,0.596,75.7895
2370,0.5961,76.3158
2371,0.5963,75.7895
2372,0.5986,77.2368
2373,0.5969,75.5263
2374,0.598,76.1842
2375,0.5965,75.7895
2376,0.596,77.1053
2377,0.5952,76.0526
2378,0.598,76.8421
2379,0.5956,76.9737
2380,0.5951,76.0526
2381,0.5949,75.7895
2382,0.5978,76.1842
2383,0.5975,75.7895
2384,0.5982,77.3684
2385,0.5971,75.7895
2386,0.5965,77.5
2387,0.5946,76.7105
2388,0.597,76.1842
2389,0.5962,75.6579
2390,0.5968,75.7895
2391,0.597,75.2632
2392,0.5951,75.5263
2393,0.5948,76.8421
2394,0.597,75.7895
2395,0.5968,75.5263
2396,0.5972,77.1053
2397,0.5976,77.8947
2398,0.5969,76.8421
2399,0.5977,77.6316
2400,0.5974,75.2632
2401,0.5948,75.3947
2402,0.5967,75.3947
2403,0.5958,77.2368
2404,0.5961,76.1842
2405,0.5929,76.0526
2406,0.5975,76.3158
2407,0.5966,76.5789
2408,0.5982,76.3158
2409,0.5965,76.8421
2410,0.5973,74.6053
2411,0.5978,76.1842
2412,0.5969,77.2368
2413,0.5985,75.1316
2414,0.5983,76.5789
2415,0.5955,75.7895
2416,0.5967,76.1842
2417,0.5964,76.9737
2418,0.5937,77.1053
2419,0.5957,74.8684
2420,0.5964,77.7632
2421,0.5957,76.0526
2422,0.5987,76.8421
2423,0.5974,76.1842
2424,0.5986,75.5263
2425,0.5963,76.4474
2426,0.5959,76.4474
2427,0.5958,74.2105
2428,0.5978,75.1316
2429,0.5985,75.0
2430,0.5963,76.9737
2431,0.597,76.7105
2432,0.5934,75.5263
2433,0.5952,76.9737
2434,0.5975,75.7895
2435,0.5964,75.6579
2436,0.5973,76.5789
2437,0.596,77.1053
2438,0.5973,76.4474
2439,0.5961,75.6579
2440,0.5969,77.1053
2441,0.5964,76.0526
2442,0.5974,76.1842
2443,0.5954,76.1842
2444,0.5959,75.2632
2445,0.5975,75.9211
2446,0.597,76.9737
2447,0.5964,76.3158
2448,0.5974,75.1316
2449,0.5959,77.2368
2450,0.5955,75.9211
2451,0.597,76.0526
2452,0.5961,76.5789
2453,0.5966,75.5263
2454,0.5954,76.7105
2455,0.5952,76.4474
2456,0.5973,76.3158
2457,0.5956,76.5789
2458,0.5975,76.1842
2459,0.5961,75.9211
2460,0.5962,75.0
2461,0.5963,76.3158
2462,0.5963,76.8421
2463,0.5975,76.4474
2464,0.5975,75.7895
2465,0.5987,75.3947
2466,0.5972,76.4474
2467,0.597,75.7895
2468,0.5958,75.3947
2469,0.5989,76.9737
2470,0.5964,75.3947
2471,0.5975,76.5789
2472,0.5957,75.7895
2473,0.5966,76.8421
2474,0.5961,76.0526
2475,0.5982,75.2632
2476,0.5971,77.5
2477,0.5977,75.9211
2478,0.5954,77.1053
2479,0.5953,76.4474
2480,0.595,76.5789
2481,0.5969,75.6579
2482,0.5973,75.9211
2483,0.595,76.7105
2484,0.5956,75.7895
2485,0.5953,75.1316
2486,0.5966,76.1842
2487,0.5949,76.7105
2488,0.5967,76.7105
2489,0.5982,75.7895
2490,0.5941,76.1842
2491,0.5948,76.4474
2492,0.5972,75.3947
2493,0.5953,74.2105
2494,0.598,75.9211
2495,0.5973,76.1842
2496,0.5968,75.3947
2497,0.5961,75.2632
2498,0.598,77.2368
2499,0.5937,75.5263
2500,0.5941,76.9737
2501,0.5967,76.8421
2502,0.5965,76.1842
2503,0.5984,77.3684
2504,0.5977,77.3684
2505,0.596,76.0526
2506,0.5973,76.0526
2507,0.5968,76.4474
2508,0.5956,76.3158
2509,0.5968,76.3158
2510,0.5978,75.3947
2511,0.5958,76.4474
2512,0.5947,76.1842
2513,0.5957,75.3947
2514,0.5969,75.9211
2515,0.5972,76.5789
2516,0.5956,75.7895
2517,0.5956,76.1842
2518,0.5972,75.0
2519,0.5938,76.4474
2520,0.5955,76.7105
2521,0.598,76.9737
2522,0.5968,76.4474
2523,0.5966,76.3158
2524,0.5973,75.9211
2525,0.5963,76.3158
2526,0.596,76.4474
2527,0.5964,76.0526
2528,0.5964,77.2368
2529,0.5962,76.3158
2530,0.5962,76.8421
2531,0.5982,76.9737
2532,0.5992,76.4474
2533,0.5955,76.7105
2534,0.5972,75.1316
2535,0.5955,75.5263
2536,0.5974,75.2632
2537,0.5957,76.5789
2538,0.5955,75.7895
2539,0.5956,77.7632
2540,0.5967,76.9737
2541,0.5967,75.9211
2542,0.5969,76.8421
2543,0.5972,76.5789
2544,0.5947,75.3947
2545,0.5986,75.7895
2546,0.5951,75.5263
2547,0.5965,76.4474
2548,0.5964,76.5789
2549,0.5973,76.8421
2550,0.597,76.7105
2551,0.597,75.5263
2552,0.5966,76.5789
2553,0.5956,77.5
2554,0.597,76.1842
2555,0.5951,76.0526
2556,0.5958,76.3158
2557,0.5959,75.9211
2558,0.5976,76.0526
2559,0.5956,76.5789
2560,0.5975,76.7105
2561,0.5952,76.8421
2562,0.5953,75.7895
2563,0.598,75.0
2564,0.5967,76.3158
2565,0.5972,76.4474
2566,0.5946,74.6053
2567,0.5978,76.5789
2568,0.597,76.8421
2569,0.5966,75.7895
2570,0.5954,76.4474
2571,0.5951,75.0
2572,0.597,75.0
2573,0.5957,76.5789
2574,0.5952,76.8421
2575,0.5944,76.1842
2576,0.5956,76.1842
2577,0.5962,76.7105
2578,0.5977,75.2632
2579,0.5946,75.6579
2580,0.5951,76.9737
2581,0.5955,76.4474
2582,0.5969,75.7895
2583,0.5963,75.5263
2584,0.597,76.8421
2585,0.5963,75.6579
2586,0.5949,76.8421
2587,0.5958,77.2368
2588,0.5977,77.2368
2589,0.5956,76.1842
2590,0.5956,76.0526
2591,0.5941,75.7895
2592,0.5968,75.7895
2593,0.5958,76.0526
2594,0.5956,77.5
2595,0.5963,76.0526
2596,0.5975,74.7368
2597,0.5974,75.9211
2598,0.5934,76.7105
2599,0.5987,76.4474
2600,0.5965,76.5789
2601,0.596,76.5789
2602,0.5972,76.5789
2603,0.5955,75.9211
2604,0.5955,76.1842
2605,0.5969,76.3158
2606,0.5952,76.5789
2607,0.5975,76.1842
2608,0.5974,76.5789
2609,0.5953,75.9211
2610,0.5954,75.7895
2611,0.5978,76.4474
2612,0.5962,76.5789
2613,0.5983,76.0526
2614,0.5973,76.9737
2615,0.5974,76.3158
2616,0.5941,77.2368
2617,0.5967,75.9211
2618,0.5974,76.3158
2619,0.5935,75.7895
2620,0.5984,76.7105
2621,0.598,76.0526
2622,0.5967,75.6579
2623,0.5956,76.4474
2624,0.5978,76.3158
2625,0.5966,75.6579
2626,0.5968,76.4474
2627,0.5963,75.0
2628,0.5974,76.7105
2629,0.5966,76.4474
2630,0.5971,76.4474
2631,0.5959,76.4474
2632,0.5963,76.4474
2633,0.5967,76.3158
2634,0.5935,76.7105
2635,0.5949,76.1842
2636,0.5961,75.7895
2637,0.5954,76.4474
2638,0.5959,74.8684
2639,0.5952,76.0526
2640,0.5961,75.3947
2641,0.5978,76.5789
2642,0.5973,75.2632
2643,0.595,76.3158
2644,0.5965,76.7105
2645,0.5966,76.1842
2646,0.5965,75.3947
2647,0.5951,76.4474
2648,0.599,76.8421
2649,0.5952,75.9211
2650,0.5938,75.7895
2651,0.5956,76.1842
2652,0.5961,76.8421
2653,0.5974,74.8684
2654,0.5952,76.1842
2655,0.5942,76.4474
2656,0.5961,75.2632
2657,0.5957,75.7895
2658,0.5963,76.4474
2659,0.5977,76.8421
2660,0.595,75.9211
2661,0.5951,75.5263
2662,0.5946,76.3158
2663,0.5967,75.7895
2664,0.5967,76.9737
2665,0.5955,75.0
2666,0.5958,75.6579
2667,0.5953,77.1053
2668,0.5968,76.5789
2669,0.5971,77.5
2670,0.5964,75.1316
2671,0.5946,76.5789
2672,0.5979,75.5263
2673,0.597,77.7632
2674,0.5972,76.5789
2675,0.5949,77.3684
2676,0.5979,75.5263
2677,0.5986,75.2632
2678,0.5961,75.1316
2679,0.5964,77.3684
2680,0.5969,76.7105
2681,0.5947,75.2632
2682,0.5941,76.8421
2683,0.5943,75.5263
2684,0.5966,76.7105
2685,0.5954,75.7895
2686,0.5959,77.3684
2687,0.5937,76.1842
2688,0.5961,75.5263
2689,0.5969,76.3158
2690,0.5948,76.8421
2691,0.5952,76.0526
2692,0.5967,76.7105
2693,0.5952,76.1842
2694,0.5959,77.2368
2695,0.5932,75.9211
2696,0.5963,76.5789
2697,0.5949,76.9737
2698,0.5962,76.3158
2699,0.5974,76.1842
2700,0.5963,77.3684
2701,0.5986,76.0526
2702,0.5964,75.7895
2703,0.5949,76.7105
2704,0.5961,75.5263
2705,0.5974,78.0263
2706,0.5974,76.0526
2707,0.5966,76.0526
2708,0.5948,76.3158
2709,0.5961,76.8421
2710,0.5952,76.1842
2711,0.5951,76.3158
2712,0.5967,76.7105
2713,0.5942,76.9737
2714,0.5967,76.0526
2715,0.5942,75.9211
2716,0.5968,76.4474
2717,0.598,75.7895
2718,0.5946,76.3158
2719,0.5952,76.0526
2720,0.5972,76.3158
2721,0.5938,76.7105
2722,0.5967,76.9737
2723,0.5969,75.5263
2724,0.5953,76.4474
2725,0.5952,76.0526
2726,0.5953,75.7895
2727,0.5975,76.1842
2728,0.5952,76.0526
2729,0.595,75.9211
2730,0.5969,76.5789
2731,0.5953,76.5789
2732,0.5962,76.7105
2733,0.5948,77.3684
2734,0.5964,76.4474
2735,0.593,75.6579
2736,0.5938,75.3947
2737,0.5951,78.0263
2738,0.5961,77.1053
2739,0.5956,75.6579
2740,0.5958,76.9737
2741,0.597,76.3158
2742,0.5952,77.3684
2743,0.5967,76.5789
2744,0.5942,76.4474
2745,0.5964,76.4474
2746,0.5949,75.1316
2747,0.5954,76.1842
2748,0.5951,77.2368
2749,0.5962,76.0526
2750,0.5954,76.4474
2751,0.5962,76.7105
2752,0.596,77.7632
2753,0.5963,76.3158
2754,0.5958,76.8421
2755,0.5947,76.3158
2756,0.5949,76.7105
2757,0.5959,76.5789
2758,0.5958,75.3947
2759,0.5957,75.9211
2760,0.5991,76.7105
2761,0.595,76.3158
2762,0.5943,74.7368
2763,0.5953,76.5789
2764,0.5943,75.6579
2765,0.5937,76.1842
2766,0.5965,76.8421
2767,0.594,75.7895
2768,0.5965,75.7895
2769,0.5939,77.5
2770,0.5952,76.9737
2771,0.5963,76.1842
2772,0.5938,75.5263
2773,0.5949,75.5263
2774,0.5975,76.4474
2775,0.5953,76.7105
2776,0.5944,76.4474
2777,0.5945,76.8421
2778,0.5956,76.8421
2779,0.5947,74.8684
2780,0.5953,77.1053
2781,0.5952,75.7895
2782,0.5941,76.7105
2783,0.5963,75.9211
2784,0.5949,76.4474
2785,0.5964,76.4474
2786,0.5973,75.9211
2787,0.5976,76.0526
2788,0.5955,76.7105
2789,0.596,76.4474
2790,0.5969,77.1053
2791,0.5972,76.9737
2792,0.5959,76.1842
2793,0.596,75.7895
2794,0.5954,75.5263
2795,0.5965,76.8421
2796,0.5953,76.4474
2797,0.5956,76.5789
2798,0.5965,77.3684
2799,0.5943,76.8421
2800,0.5949,76.3158
2801,0.5975,76.0526
2802,0.5947,76.0526
2803,0.5953,75.7895
2804,0.5972,74.8684
2805,0.5969,76.5789
2806,0.5958,76.1842
2807,0.5954,76.1842
2808,0.5951,76.5789
2809,0.5942,76.4474
2810,0.5942,76.7105
2811,0.5953,75.7895
2812,0.5957,77.1053
2813,0.5955,77.1053
2814,0.5944,76.4474
2815,0.5954,76.7105
2816,0.5953,76.5789
2817,0.5952,76.3158
2818,0.594,75.6579
2819,0.596,76.4474
2820,0.5963,76.3158
2821,0.5957,77.1053
2822,0.5968,76.5789
2823,0.5948,76.5789
2824,0.597,76.1842
2825,0.5958,75.0
2826,0.5969,77.2368
2827,0.596,76.5789
2828,0.5953,75.7895
2829,0.5944,75.9211
2830,0.5949,75.3947
2831,0.5965,75.6579
2832,0.5955,76.1842
2833,0.5957,76.4474
2834,0.5952,76.7105
2835,0.5956,75.6579
2836,0.5962,77.1053
2837,0.5949,75.7895
2838,0.5943,75.6579
2839,0.5957,77.3684
2840,0.5944,77.5
2841,0.5966,76.8421
2842,0.5933,76.5789
2843,0.5962,77.6316
2844,0.5949,77.6316
2845,0.597,76.5789
2846,0.5942,77.8947
2847,0.5953,75.6579
2848,0.5968,75.6579
2849,0.5962,76.5789
2850,0.5939,74.7368
2851,0.5973,76.3158
2852,0.5945,76.0526
2853,0.5944,76.8421
2854,0.5952,75.9211
2855,0.5949,76.0526
2856,0.5953,76.1842
2857,0.595,76.4474
2858,0.5947,76.3158
2859,0.5952,75.6579
2860,0.5949,76.7105
2861,0.5951,75.9211
2862,0.5954,75.3947
2863,0.5944,76.4474
2864,0.5962,76.9737
2865,0.5948,75.2632
2866,0.5945,75.9211
2867,0.5934,77.3684
2868,0.5964,76.9737
2869,0.5949,76.1842
2870,0.5952,77.5
2871,0.596,77.1053
2872,0.5945,77.1053
2873,0.5968,76.4474
2874,0.595,75.5263
2875,0.5933,77.6316
2876,0.5947,75.9211
2877,0.5959,75.3947
2878,0.5949,76.4474
2879,0.5965,75.2632
2880,0.5946,76.0526
2881,0.5957,77.1053
2882,0.5956,76.7105
2883,0.5922,75.7895
2884,0.5971,75.7895
2885,0.5954,76.1842
2886,0.5948,76.8421
2887,0.5955,76.9737
2888,0.5943,76.5789
2889,0.5937,76.3158
2890,0.5954,76.5789
2891,0.5969,76.0526
2892,0.5934,76.5789
2893,0.597,76.7105
2894,0.5963,75.9211
2895,0.5952,76.3158
2896,0.5947,76.1842
2897,0.5946,76.8421
2898,0.5956,76.1842
2899,0.5981,76.0526
2900,0.5937,76.9737
2901,0.5942,76.1842
2902,0.5913,75.2632
2903,0.5943,75.5263
2904,0.5967,76.1842
2905,0.5961,76.9737
2906,0.5938,76.4474
2907,0.5974,75.9211
2908,0.5947,76.5789
2909,0.5953,77.1053
2910,0.5938,76.1842
2911,0.5974,76.1842
2912,0.5934,75.3947
2913,0.5956,75.6579
2914,0.5954,76.1842
2915,0.5938,76.4474
2916,0.5965,76.9737
2917,0.5947,76.5789
2918,0.5935,76.8421
2919,0.5958,76.8421
2920,0.5933,75.6579
2921,0.5949,76.5789
2922,0.5947,76.8421
2923,0.5959,76.8421
2924,0.5917,76.7105
2925,0.5962,75.3947
2926,0.5961,75.6579
2927,0.5951,76.1842
2928,0.5928,76.1842
2929,0.5944,76.1842
2930,0.595,77.6316
2931,0.5963,77.3684
2932,0.5957,77.1053
2933,0.5936,76.9737
2934,0.5954,75.9211
2935,0.5954,75.9211
2936,0.5953,75.6579
2937,0.5963,76.8421
2938,0.5957,75.9211
2939,0.5938,76.9737
2940,0.5959,76.7105
2941,0.5951,76.4474
2942,0.5977,77.3684
2943,0.5942,76.8421
2944,0.5938,75.9211
2945,0.5968,76.5789
2946,0.5942,76.1842
2947,0.5948,76.9737
2948,0.5941,75.7895
2949,0.594,77.1053
2950,0.5959,76.9737
2951,0.5942,76.8421
2952,0.5938,76.8421
2953,0.5952,77.5
2954,0.5967,76.7105
2955,0.5961,76.9737
2956,0.5946,76.4474
2957,0.595,78.0263
2958,0.5959,76.8421
2959,0.5959,75.5263
2960,0.595,76.4474
2961,0.5943,76.1842
2962,0.5936,77.1053
2963,0.5952,75.2632
2964,0.5946,75.9211
2965,0.5953,76.9737
2966,0.5949,75.5263
2967,0.5954,76.7105
2968,0.5944,76.9737
2969,0.5982,76.7105
2970,0.595,76.4474
2971,0.5957,76.0526
2972,0.5951,76.1842
2973,0.594,77.7632
2974,0.5953,77.1053
2975,0.597,77.2368
2976,0.5944,76.5789
2977,0.5956,76.5789
2978,0.5942,76.0526
2979,0.595,75.6579
2980,0.5939,76.7105
2981,0.5936,77.6316
2982,0.5956,76.9737
2983,0.5943,76.9737
2984,0.5932,75.9211
2985,0.5957,76.3158
2986,0.5946,76.8421
2987,0.5949,76.9737
2988,0.5947,76.3158
2989,0.5954,76.8421
2990,0.5959,75.6579
2991,0.5961,76.4474
2992,0.5942,76.4474
2993,0.5944,75.7895
2994,0.5942,76.4474
2995,0.5962,76.3158
2996,0.595,76.5789
2997,0.5933,76.8421
2998,0.5958,76.7105
2999,0.5936,77.6316
3000,0.5952,76.3158
3001,0.5943,76.4474
3002,0.5943,75.3947
3003,0.5964,76.4474
3004,0.5948,76.7105
3005,0.5948,76.3158
3006,0.5966,76.0526
3007,0.5936,75.3947
3008,0.5948,77.7632
3009,0.5932,75.5263
3010,0.5958,77.5
3011,0.5942,76.7105
3012,0.5944,76.4474
3013,0.5945,76.1842
3014,0.5944,76.3158
3015,0.595,76.8421
3016,0.5954,76.0526
3017,0.5958,75.7895
3018,0.5946,76.4474
3019,0.5931,76.5789
3020,0.596,76.1842
3021,0.5954,76.5789
3022,0.5967,77.2368
3023,0.5942,75.9211
3024,0.5963,76.9737
3025,0.5945,74.8684
3026,0.5922,77.2368
3027,0.5951,76.5789
3028,0.5939,77.5
3029,0.5941,76.0526
3030,0.5945,76.1842
3031,0.5953,77.6316
3032,0.5944,75.6579
3033,0.5942,75.3947
3034,0.5954,76.0526
3035,0.5962,76.5789
3036,0.5956,77.1053
3037,0.5957,76.1842
3038,0.5952,75.7895
3039,0.5956,77.6316
3040,0.5945,75.3947
3041,0.5944,75.9211
3042,0.5959,75.7895
3043,0.5959,76.9737
3044,0.5961,76.3158
3045,0.5957,76.0526
3046,0.5942,76.9737
3047,0.5936,75.7895
3048,0.5922,76.4474
3049,0.5924,77.3684
3050,0.593,75.7895
3051,0.5953,76.1842
3052,0.5945,75.7895
3053,0.5951,76.5789
3054,0.595,76.4474
3055,0.5949,76.4474
3056,0.596,76.5789
3057,0.5928,77.6316
3058,0.5952,76.4474
3059,0.5965,76.9737
3060,0.5954,76.0526
3061,0.5943,77.5
3062,0.5953,75.9211
3063,0.5953,76.0526
3064,0.5946,77.2368
3065,0.595,76.5789
3066,0.5965,76.4474
3067,0.5946,76.5789
3068,0.5955,77.1053
3069,0.5939,76.3158
3070,0.594,76.5789
3071,0.5939,76.8421
3072,0.595,76.4474
3073,0.5949,75.3947
3074,0.5938,76.9737
3075,0.5947,75.3947
3076,0.5957,76.4474
3077,0.5939,77.5
3078,0.5969,77.2368
3079,0.5945,76.1842
3080,0.5936,77.8947
3081,0.5952,76.9737
3082,0.5927,76.9737
3083,0.5949,77.1053
3084,0.5944,76.7105
3085,0.5952,76.3158
3086,0.5948,76.4474
3087,0.5966,76.1842
3088,0.5925,76.0526
3089,0.5975,77.3684
3090,0.5945,77.3684
3091,0.596,76.0526
3092,0.5953,76.5789
3093,0.5959,75.9211
3094,0.5927,76.1842
3095,0.5948,76.1842
3096,0.5941,75.3947
3097,0.5971,76.4474
3098,0.5943,76.1842
3099,0.5982,75.6579
3100,0.5954,76.3158
3101,0.5948,76.3158
3102,0.594,76.3158
3103,0.5948,74.8684
3104,0.5948,75.9211
3105,0.5942,76.1842
3106,0.5947,76.7105
3107,0.5944,77.1053
3108,0.5948,76.4474
3109,0.5951,76.4474
3110,0.5949,76.4474
3111,0.594,77.3684
3112,0.5956,75.7895
3113,0.5953,76.1842
3114,0.5953,75.9211
3115,0.596,76.1842
3116,0.5938,75.7895
3117,0.5942,76.3158
3118,0.5961,77.2368
3119,0.5945,76.9737
3120,0.5937,75.6579
3121,0.5944,76.7105
3122,0.594,75.2632
3123,0.5945,77.1053
3124,0.5953,76.4474
3125,0.5952,76.8421
3126,0.5948,75.6579
3127,0.595,76.5789
3128,0.5963,76.1842
3129,0.593,76.4474
3130,0.5927,76.1842
3131,0.5957,76.0526
3132,0.5924,77.3684
3133,0.5939,74.6053
3134,0.5932,76.1842
3135,0.5956,77.5
3136,0.5943,76.0526
3137,0.5943,77.3684
3138,0.5949,75.7895
3139,0.5943,75.5263
3140,0.5947,75.6579
3141,0.5966,76.0526
3142,0.5941,76.0526
3143,0.595,75.5263
3144,0.5949,77.6316
3145,0.5948,75.9211
3146,0.5944,75.3947
3147,0.5935,76.1842
3148,0.5941,77.1053
3149,0.5929,77.8947
3150,0.5958,75.5263
3151,0.5953,76.1842
3152,0.5948,76.3158
3153,0.5947,77.8947
3154,0.5957,76.9737
3155,0.5951,76.8421
3156,0.5953,77.2368
3157,0.5942,77.5
3158,0.5944,76.3158
3159,0.5946,77.7632
3160,0.5942,75.7895
3161,0.5952,76.0526
3162,0.5935,77.1053
3163,0.595,75.9211
3164,0.5945,76.3158
3165,0.5951,76.4474
3166,0.5948,76.3158
3167,0.5937,77.1053
3168,0.5934,76.5789
3169,0.5948,76.4474
3170,0.5962,76.8421
3171,0.5935,77.2368
3172,0.5944,77.3684
3173,0.5951,75.6579
3174,0.5934,77.1053
3175,0.5958,76.5789
3176,0.5949,76.9737
3177,0.5931,78.0263
3178,0.5948,76.9737
3179,0.5933,76.3158
3180,0.5959,76.9737
3181,0.594,75.9211
3182,0.5945,75.7895
3183,0.5925,76.1842
3184,0.5956,76.8421
3185,0.5941,77.3684
3186,0.5946,77.3684
3187,0.5941,75.6579
3188,0.5951,76.5789
3189,0.594,76.1842
3190,0.5963,76.8421
3191,0.5954,76.0526
3192,0.5964,76.4474
3193,0.5938,76.4474
3194,0.5942,77.1053
3195,0.5927,76.1842
3196,0.5922,77.5
3197,0.5944,76.1842
3198,0.597,75.9211
3199,0.5929,76.3158
3200,0.5919,75.3947
3201,0.5944,77.7632
3202,0.5947,77.5
3203,0.5942,77.3684
3204,0.5952,76.7105
3205,0.5946,76.9737
3206,0.5922,76.7105
3207,0.5933,76.4474
3208,0.5937,77.7632
3209,0.5962,76.8421
3210,0.5942,76.9737
3211,0.5921,76.4474
3212,0.5942,76.3158
3213,0.5957,77.5
3214,0.594,77.3684
3215,0.5945,76.4474
3216,0.5943,76.5789
3217,0.5924,74.7368
3218,0.5957,77.3684
3219,0.5949,75.5263
3220,0.5935,76.4474
3221,0.5943,75.9211
3222,0.5949,76.5789
3223,0.5936,77.7632
3224,0.5928,77.8947
3225,0.594,76.3158
3226,0.5949,76.9737
3227,0.5951,75.2632
3228,0.5962,75.9211
3229,0.5927,75.6579
3230,0.5947,76.8421
3231,0.5927,76.8421
3232,0.5956,76.9737
3233,0.5946,76.0526
3234,0.5932,75.5263
3235,0.594,76.5789
3236,0.5948,76.4474
3237,0.5932,76.0526
3238,0.5943,76.0526
3239,0.5958,76.5789
3240,0.5944,77.2368
3241,0.5937,76.3158
3242,0.5965,76.5789
3243,0.5922,76.1842
3244,0.5936,77.8947
3245,0.5945,76.5789
3246,0.5939,76.4474
3247,0.5948,76.7105
3248,0.5959,77.2368
3249,0.5939,76.4474
3250,0.5945,76.5789
3251,0.5941,75.9211
3252,0.5955,76.7105
3253,0.5936,76.9737
3254,0.5924,77.5
3255,0.5949,76.1842
3256,0.5944,75.9211
3257,0.5925,76.3158
3258,0.5962,76.5789
3259,0.5946,74.8684
3260,0.5945,76.1842
3261,0.5944,76.9737
3262,0.5933,76.3158
3263,0.5931,76.0526
3264,0.5939,76.1842
3265,0.5946,77.7632
3266,0.5935,76.8421
3267,0.5934,75.6579
3268,0.5922,76.9737
3269,0.5911,77.6316
3270,0.5941,76.0526
3271,0.5948,76.9737
3272,0.5946,77.7632
3273,0.5952,77.2368
3274,0.5937,76.7105
3275,0.5951,76.8421
3276,0.5936,75.6579
3277,0.5946,77.1053
3278,0.5928,77.8947
3279,0.5965,76.9737
3280,0.597,76.3158
3281,0.5931,76.4474
3282,0.595,77.3684
3283,0.5939,75.9211
3284,0.5948,76.9737
3285,0.5924,76.5789
3286,0.5946,76.7105
3287,0.5943,76.4474
3288,0.5951,76.4474
3289,0.5932,76.7105
3290,0.5937,76.7105
3291,0.5933,77.6316
3292,0.594,76.9737
3293,0.5946,76.0526
3294,0.5939,75.7895
3295,0.5937,76.1842
3296,0.5933,77.3684
3297,0.5949,77.1053
3298,0.5949,76.3158
3299,0.5939,76.4474
3300,0.5936,77.2368
3301,0.5951,76.0526
3302,0.5939,76.5789
3303,0.595,76.0526
3304,0.593,76.9737
3305,0.5929,76.1842
3306,0.593,76.9737
3307,0.5947,77.7632
3308,0.5961,75.9211
3309,0.5941,76.7105
3310,0.5961,76.7105
3311,0.5927,75.6579
3312,0.5934,76.9737
3313,0.5947,76.5789
3314,0.5948,75.3947
3315,0.5936,77.3684
3316,0.5938,75.7895
3317,0.5934,75.7895
3318,0.5932,75.5263
3319,0.5948,76.1842
3320,0.5933,77.2368
3321,0.5928,76.3158
3322,0.5942,76.0526
3323,0.5937,76.8421
3324,0.5952,75.2632
3325,0.5924,77.2368
3326,0.5933,76.9737
3327,0.5938,77.7632
3328,0.5939,76.1842
3329,0.5939,76.0526
3330,0.5937,76.0526
3331,0.5931,76.0526
3332,0.5942,76.7105
3333,0.5935,77.8947
3334,0.5936,78.0263
3335,0.5937,76.4474
3336,0.5944,76.0526
3337,0.5934,77.1053
3338,0.5939,77.2368
3339,0.5928,76.7105
3340,0.5931,75.2632
3341,0.5961,78.1579
3342,0.5947,76.5789
3343,0.5935,76.4474
3344,0.5936,76.1842
3345,0.5949,77.1053
3346,0.5938,76.3158
3347,0.5955,75.6579
3348,0.5952,76.8421
3349,0.5958,77.3684
3350,0.5939,76.4474
3351,0.5917,77.8947
3352,0.5924,76.8421
3353,0.5928,76.4474
3354,0.5941,75.3947
3355,0.5946,77.5
3356,0.5946,77.1053
3357,0.5938,76.7105
3358,0.5964,77.2368
3359,0.5951,75.9211
3360,0.5936,76.4474
3361,0.594,77.1053
3362,0.5939,76.4474
3363,0.5942,76.1842
3364,0.5952,76.7105
3365,0.5925,76.5789
3366,0.5929,76.7105
3367,0.5946,76.8421
3368,0.5931,76.7105
3369,0.5944,76.3158
3370,0.5942,77.3684
3371,0.5925,76.1842
3372,0.592,76.4474
3373,0.5935,75.9211
3374,0.5925,76.7105
3375,0.5949,76.1842
3376,0.5939,77.1053
3377,0.5945,77.1053
3378,0.5945,77.1053
3379,0.5945,76.9737
3380,0.5945,77.1053
3381,0.5934,75.6579
3382,0.5929,76.8421
3383,0.5942,75.5263
3384,0.5945,76.3158
3385,0.5946,75.3947
3386,0.5944,76.4474
3387,0.5939,77.3684
3388,0.5943,76.7105
3389,0.5928,75.7895
3390,0.5945,76.5789
3391,0.5957,77.3684
3392,0.5943,75.9211
3393,0.5916,75.7895
3394,0.5933,76.1842
3395,0.594,76.5789
3396,0.5942,75.1316
3397,0.5936,76.4474
3398,0.5941,75.9211
3399,0.5928,76.9737
3400,0.5947,75.5263
3401,0.5939,75.7895
3402,0.5923,76.4474
3403,0.5928,78.1579
3404,0.5931,76.8421
3405,0.5938,76.8421
3406,0.5943,76.5789
3407,0.5926,76.1842
3408,0.5943,77.8947
3409,0.5926,75.6579
3410,0.5958,76.0526
3411,0.5938,76.0526
3412,0.5946,76.8421
3413,0.5935,76.4474
3414,0.5932,76.5789
3415,0.5943,76.4474
3416,0.5942,76.3158
3417,0.5941,76.9737
3418,0.5938,76.7105
3419,0.5947,75.9211
3420,0.5945,75.9211
3421,0.593,77.1053
3422,0.5937,76.1842
3423,0.5942,75.6579
3424,0.5936,77.5
3425,0.5941,75.2632
3426,0.5964,76.9737
3427,0.5931,75.7895
3428,0.5941,76.9737
3429,0.594,76.3158
3430,0.5929,77.6316
3431,0.5944,76.4474
3432,0.5937,76.5789
3433,0.5924,76.5789
3434,0.5938,77.3684
3435,0.5937,76.7105
3436,0.5934,76.8421
3437,0.5949,76.1842
3438,0.5933,75.5263
3439,0.5953,77.2368
3440,0.5936,75.7895
3441,0.5949,76.0526
3442,0.5935,76.0526
3443,0.595,77.2368
3444,0.594,76.3158
3445,0.5943,76.0526
3446,0.5917,76.0526
3447,0.5931,77.5
3448,0.5937,76.9737
3449,0.5931,76.4474
3450,0.5941,76.8421
3451,0.5936,75.7895
3452,0.5926,76.4474
3453,0.5918,76.9737
3454,0.5943,76.4474
3455,0.5954,76.4474
3456,0.5943,76.0526
3457,0.594,76.4474
3458,0.5942,76.0526
3459,0.5936,76.0526
3460,0.5929,77.1053
3461,0.5928,76.8421
3462,0.5936,76.3158
3463,0.5932,77.5
3464,0.5943,77.1053
3465,0.5917,76.5789
3466,0.5925,76.5789
3467,0.5936,76.5789
3468,0.5948,76.0526
3469,0.5929,76.4474
3470,0.5952,77.2368
3471,0.5942,76.9737
3472,0.5933,76.4474
3473,0.5934,76.5789
3474,0.5938,75.5263
3475,0.5928,77.8947
3476,0.594,76.5789
3477,0.5927,76.5789
3478,0.5935,75.9211
3479,0.5922,76.1842
3480,0.5946,77.1053
3481,0.5931,76.8421
3482,0.5943,76.8421
3483,0.5935,76.7105
3484,0.5943,76.3158
3485,0.5918,77.2368
3486,0.5937,76.1842
3487,0.5926,77.5
3488,0.5943,77.5
3489,0.5932,76.1842
3490,0.5934,77.2368
3491,0.5961,76.3158
3492,0.594,76.8421
3493,0.592,76.4474
3494,0.594,76.0526
3495,0.5954,77.1053
3496,0.5947,76.9737
3497,0.5929,76.0526
3498,0.5918,75.7895
3499,0.5945,77.1053
3500,0.5937,77.1053
3501,0.5927,77.2368
3502,0.594,76.1842
3503,0.5913,77.3684
3504,0.5938,76.5789
3505,0.5941,75.9211
3506,0.5931,76.4474
3507,0.5928,77.7632
3508,0.593,76.1842
3509,0.5942,76.4474
3510,0.5936,77.3684
3511,0.5932,76.9737
3512,0.5931,76.5789
3513,0.5932,76.3158
3514,0.5932,76.3158
3515,0.5957,76.5789
3516,0.5944,76.9737
3517,0.5942,77.3684
3518,0.5939,76.8421
3519,0.593,75.7895
3520,0.5944,76.4474
3521,0.5943,75.9211
3522,0.5928,77.2368
3523,0.5915,76.3158
3524,0.5936,76.0526
3525,0.5939,75.9211
3526,0.5931,76.5789
3527,0.5944,77.1053
3528,0.5927,75.9211
3529,0.5934,77.8947
3530,0.5933,76.5789
3531,0.5912,75.7895
3532,0.5924,76.7105
3533,0.5923,76.7105
3534,0.593,76.8421
3535,0.5936,76.4474
3536,0.5926,76.7105
3537,0.5917,77.2368
3538,0.5947,76.7105
3539,0.5944,77.2368
3540,0.593,76.3158
3541,0.5915,76.5789
3542,0.5937,76.3158
3543,0.5929,76.7105
3544,0.5938,75.7895
3545,0.5935,76.5789
3546,0.5929,77.5
3547,0.5921,76.1842
3548,0.5952,75.9211
3549,0.5931,76.9737
3550,0.5929,77.2368
3551,0.5926,77.6316
3552,0.5948,76.3158
3553,0.5929,77.1053
3554,0.5951,77.3684
3555,0.595,76.0526
3556,0.5934,76.8421
3557,0.5943,77.7632
3558,0.5935,77.2368
3559,0.5924,76.3158
3560,0.5951,77.1053
3561,0.5936,75.9211
3562,0.5936,76.0526
3563,0.5949,77.1053
3564,0.5936,76.1842
3565,0.5934,76.7105
3566,0.5945,75.9211
3567,0.5937,75.7895
3568,0.5931,77.5
3569,0.5918,77.3684
3570,0.5924,76.3158
3571,0.5951,75.9211
3572,0.5945,76.8421
3573,0.5935,77.3684
3574,0.5938,76.3158
3575,0.5911,76.5789
3576,0.5937,76.8421
3577,0.5942,76.7105
3578,0.5933,76.3158
3579,0.5933,75.9211
3580,0.5924,75.3947
3581,0.5935,76.9737
3582,0.5931,76.0526
3583,0.594,75.7895
3584,0.5944,75.9211
3585,0.5948,76.9737
3586,0.5921,76.1842
3587,0.5935,76.4474
3588,0.5938,77.5
3589,0.5941,76.8421
3590,0.5959,76.5789
3591,0.5953,76.8421
3592,0.5923,76.1842
3593,0.5936,75.9211
3594,0.5932,76.8421
3595,0.5935,76.7105
3596,0.5949,77.6316
3597,0.5932,75.5263
3598,0.593,75.6579
3599,0.593,76.9737
3600,0.5934,76.5789
3601,0.5942,76.5789
3602,0.5921,77.1053
3603,0.5941,76.4474
3604,0.593,76.3158
3605,0.5923,76.1842
3606,0.5936,76.1842
3607,0.5926,76.0526
3608,0.5929,75.5263
3609,0.5935,76.0526
3610,0.5928,76.7105
3611,0.593,75.6579
3612,0.5925,76.5789
3613,0.5932,75.9211
3614,0.5937,76.5789
3615,0.593,76.9737
3616,0.5916,76.9737
3617,0.594,77.2368
3618,0.5932,76.9737
3619,0.5929,77.1053
3620,0.5918,76.1842
3621,0.594,76.5789
3622,0.5933,76.3158
3623,0.5949,77.3684
3624,0.5935,76.3158
3625,0.5932,75.9211
3626,0.5946,75.2632
3627,0.5945,77.5
3628,0.5923,75.9211
3629,0.5938,76.4474
3630,0.5932,76.9737
3631,0.5935,78.2895
3632,0.5933,76.9737
3633,0.5927,76.4474
3634,0.5921,76.9737
3635,0.5939,76.9737
3636,0.5943,76.9737
3637,0.5915,77.1053
3638,0.5927,76.0526
3639,0.5925,77.5
3640,0.5918,76.7105
3641,0.593,76.4474
3642,0.5945,76.0526
3643,0.5943,76.1842
3644,0.5946,76.7105
3645,0.5933,76.5789
3646,0.5941,76.9737
3647,0.5937,75.9211
3648,0.5941,75.0
3649,0.5939,76.3158
3650,0.5926,76.4474
3651,0.59,76.7105
3652,0.5912,75.6579
3653,0.5929,76.5789
3654,0.5928,76.7105
3655,0.5956,76.5789
3656,0.5947,75.7895
3657,0.5929,77.3684
3658,0.5924,75.6579
3659,0.5949,76.7105
3660,0.5928,75.2632
3661,0.5932,77.8947
3662,0.5924,77.6316
3663,0.592,75.6579
3664,0.5932,76.8421
3665,0.5926,77.3684
3666,0.594,76.5789
3667,0.5946,76.0526
3668,0.5929,76.8421
3669,0.5951,76.4474
3670,0.5941,76.7105
3671,0.5935,76.3158
3672,0.5925,76.4474
3673,0.5938,76.3158
3674,0.5943,77.5
3675,0.5944,76.7105
3676,0.5936,77.2368
3677,0.5947,76.7105
3678,0.5928,75.7895
3679,0.5931,75.6579
3680,0.5924,76.5789
3681,0.5925,76.4474
3682,0.5931,76.8421
3683,0.5947,76.4474
3684,0.5944,76.0526
3685,0.5921,77.6316
3686,0.5943,77.1053
3687,0.5942,77.3684
3688,0.5934,77.2368
3689,0.5951,77.2368
3690,0.5912,76.8421
3691,0.5938,76.4474
3692,0.5921,76.5789
3693,0.5931,75.9211
3694,0.5933,76.4474
3695,0.5925,75.9211
3696,0.5943,76.5789
3697,0.594,76.7105
3698,0.5927,77.6316
3699,0.5917,76.9737
3700,0.5915,76.8421
3701,0.594,76.3158
3702,0.5921,76.7105
3703,0.594,76.7105
3704,0.5938,76.1842
3705,0.5932,76.0526
3706,0.5932,75.6579
3707,0.5927,76.3158
3708,0.5921,76.1842
3709,0.5927,75.9211
3710,0.5936,77.5
3711,0.5926,75.9211
3712,0.5932,75.6579
3713,0.5922,76.9737
3714,0.5946,76.1842
3715,0.5917,76.3158
3716,0.5936,77.2368
3717,0.5931,75.3947
3718,0.5927,77.2368
3719,0.5935,76.8421
3720,0.5939,77.3684
3721,0.5937,76.9737
3722,0.5922,76.3158
3723,0.5944,76.9737
3724,0.5944,76.3158
3725,0.592,75.5263
3726,0.5934,76.9737
3727,0.5928,76.9737
3728,0.5924,76.1842
3729,0.5947,76.5789
3730,0.5925,77.2368
3731,0.5946,76.7105
3732,0.5939,76.4474
3733,0.5928,76.8421
3734,0.5937,77.3684
3735,0.5929,76.5789
3736,0.5944,76.7105
3737,0.594,76.8421
3738,0.5936,77.3684
3739,0.5927,76.3158
3740,0.5928,76.9737
3741,0.5908,76.9737
3742,0.5934,76.5789
3743,0.5919,76.7105
3744,0.5934,76.7105
3745,0.5924,76.3158
3746,0.5917,75.9211
3747,0.5927,76.5789
3748,0.5945,76.8421
3749,0.593,77.1053
3750,0.5942,76.5789
3751,0.5917,75.1316
3752,0.5941,76.4474
3753,0.5934,76.8421
3754,0.5936,77.2368
3755,0.5943,76.9737
3756,0.5933,76.0526
3757,0.5938,77.2368
3758,0.5931,76.8421
3759,0.5919,76.4474
3760,0.5925,77.6316
3761,0.5922,76.0526
3762,0.5937,76.4474
3763,0.5932,76.9737
3764,0.5915,76.9737
3765,0.5936,76.0526
3766,0.5928,77.1053
3767,0.5934,76.1842
3768,0.5903,76.9737
3769,0.5928,76.5789
3770,0.5922,76.3158
3771,0.5935,76.8421
3772,0.5931,76.9737
3773,0.5937,76.3158
3774,0.5931,76.3158
3775,0.5933,76.9737
3776,0.5936,76.8421
3777,0.5923,77.3684
3778,0.5945,77.1053
3779,0.5922,75.6579
3780,0.5954,75.7895
3781,0.5928,76.5789
3782,0.5926,77.3684
3783,0.5946,76.0526
3784,0.5928,77.1053
3785,0.5929,76.0526
3786,0.5935,76.5789
3787,0.5944,77.1053
3788,0.5916,76.0526
3789,0.5931,77.3684
3790,0.5924,75.2632
3791,0.5918,77.2368
3792,0.5947,76.3158
3793,0.5923,77.2368
3794,0.5937,76.0526
3795,0.5932,76.4474
3796,0.5935,76.9737
3797,0.5948,76.7105
3798,0.5924,76.4474
3799,0.5915,77.1053
3800,0.5936,77.5
3801,0.5939,77.7632
3802,0.5949,76.5789
3803,0.5946,76.9737
3804,0.5941,75.3947
3805,0.5929,77.3684
3806,0.5933,75.6579
3807,0.5906,77.3684
3808,0.5923,76.0526
3809,0.5931,77.6316
3810,0.5934,77.8947
3811,0.5906,76.7105
3812,0.5926,77.2368
3813,0.593,76.1842
3814,0.5938,77.3684
3815,0.5929,76.7105
3816,0.5928,76.7105
3817,0.5933,76.9737
3818,0.5944,76.7105
3819,0.5906,76.8421
3820,0.5941,76.3158
3821,0.5931,76.1842
3822,0.5929,77.5
3823,0.5923,76.1842
3824,0.5934,75.7895
3825,0.5948,76.0526
3826,0.5944,76.3158
3827,0.5933,76.4474
3828,0.592,76.9737
3829,0.5913,76.9737
3830,0.5923,76.4474
3831,0.5933,76.5789
3832,0.5915,77.3684
3833,0.5936,76.0526
3834,0.5943,76.5789
3835,0.5941,76.7105
3836,0.5931,77.3684
3837,0.5919,76.4474
3838,0.5899,76.7105
3839,0.5927,77.1053
3840,0.5935,77.1053
3841,0.5955,77.1053
3842,0.5928,76.9737
3843,0.5931,76.8421
3844,0.5945,76.1842
3845,0.5919,76.7105
3846,0.5932,76.7105
3847,0.5913,76.4474
3848,0.5925,75.9211
3849,0.5922,76.4474
3850,0.5923,76.9737
3851,0.5923,76.5789
3852,0.5943,76.9737
3853,0.5931,76.8421
3854,0.5941,76.7105
3855,0.5928,76.4474
3856,0.5939,76.0526
3857,0.5933,76.7105
3858,0.5923,77.1053
3859,0.5932,76.5789
3860,0.5917,76.3158
3861,0.5931,76.7105
3862,0.5937,76.3158
3863,0.5927,77.8947
3864,0.592,76.8421
3865,0.5926,76.3158
3866,0.5917,76.4474
3867,0.5913,76.9737
3868,0.5918,76.0526
3869,0.594,76.9737
3870,0.5921,77.1053
3871,0.5925,76.8421
3872,0.5917,77.1053
3873,0.5939,77.1053
3874,0.5953,76.0526
3875,0.5941,76.5789
3876,0.5926,76.5789
3877,0.5924,76.4474
3878,0.5926,77.5
3879,0.5942,77.3684
3880,0.5938,76.9737
3881,0.5915,76.9737
3882,0.5929,77.1053
3883,0.5942,77.2368
3884,0.5916,76.9737
3885,0.5927,77.3684
3886,0.593,77.8947
3887,0.594,76.8421
3888,0.5927,77.5
3889,0.5932,76.8421
3890,0.5936,76.7105
3891,0.5933,76.1842
3892,0.5932,77.2368
3893,0.5926,76.5789
3894,0.5916,76.8421
3895,0.5926,76.0526
3896,0.5917,77.1053
3897,0.5926,76.1842
3898,0.5935,76.0526
3899,0.5943,77.6316
3900,0.5924,77.6316
3901,0.5934,77.6316
3902,0.5932,76.9737
3903,0.5928,76.7105
3904,0.591,76.4474
3905,0.5927,77.2368
3906,0.594,76.9737
3907,0.5919,76.7105
3908,0.592,77.2368
3909,0.5927,76.5789
3910,0.5918,76.8421
3911,0.5936,76.8421
3912,0.5941,75.9211
3913,0.593,76.5789
3914,0.5915,76.5789
3915,0.5939,76.7105
3916,0.5926,76.9737
3917,0.5928,76.4474
3918,0.5933,76.1842
3919,0.5931,76.5789
3920,0.592,76.5789
3921,0.5917,76.7105
3922,0.5947,77.5
3923,0.5936,77.1053
3924,0.5932,78.0263
3925,0.5959,75.5263
3926,0.5929,76.7105
3927,0.5926,77.6316
3928,0.5933,76.9737
3929,0.593,75.2632
3930,0.5922,77.1053
3931,0.5917,76.3158
3932,0.5934,76.9737
3933,0.592,77.1053
3934,0.5916,76.3158
3935,0.5918,76.5789
3936,0.5923,76.4474
3937,0.5929,77.3684
3938,0.5926,77.5
3939,0.5941,76.3158
3940,0.5949,77.7632
3941,0.5921,75.7895
3942,0.5912,75.7895
3943,0.5933,76.1842
3944,0.5928,77.6316
3945,0.5938,76.4474
3946,0.5924,76.5789
3947,0.592,75.9211
3948,0.5922,76.7105
3949,0.594,75.7895
3950,0.5931,78.0263
3951,0.593,76.1842
3952,0.5928,75.5263
3953,0.5936,76.5789
3954,0.5934,76.8421
3955,0.5923,77.1053
3956,0.5925,76.7105
3957,0.5937,77.3684
3958,0.594,75.6579
3959,0.5932,76.0526
3960,0.5932,77.2368
3961,0.5911,76.4474
3962,0.5939,76.1842
3963,0.5911,76.1842
3964,0.5908,75.7895
3965,0.5926,76.7105
3966,0.5923,75.7895
3967,0.593,76.5789
3968,0.5935,77.2368
3969,0.5914,77.1053
3970,0.5918,76.7105
3971,0.5918,76.3158
3972,0.5913,76.0526
3973,0.5933,76.8421
3974,0.5915,77.1053
3975,0.592,76.8421
3976,0.5922,76.7105
3977,0.5932,77.5
3978,0.5908,77.7632
3979,0.5928,77.1053
3980,0.5919,77.2368
3981,0.595,76.0526
3982,0.5911,77.2368
3983,0.5926,76.8421
3984,0.5927,77.3684
3985,0.5924,77.1053
3986,0.5919,77.2368
3987,0.5916,75.2632
3988,0.5928,76.4474
3989,0.5902,76.8421
3990,0.5915,77.6316
3991,0.5929,76.7105
3992,0.5912,78.9474
